Nom, Date, Consomation(g), Type
Abdulkerim,2024-09-01,28.71,type1
Abdulkerim,2024-09-02,22.62,type1
Abdulkerim,2024-09-03,2.61,type1
Abdulkerim,2024-09-04,29.58,type1
Abdulkerim,2024-09-05,25.23,type1
Abdulkerim,2024-09-06,4.35,type1
Abdulkerim,2024-09-07,17.4,type1
Abdulkerim,2024-09-08,51.33,type1
Abdulkerim,2024-09-09,21.75,type1
Abdulkerim,2024-09-10,19.14,type1
Abdulkerim,2024-09-11,11.31,type1
Abdulkerim,2024-09-12,20.88,type1
Abdulkerim,2024-09-13,12.18,type1
Abdulkerim,2024-09-14,11.31,type1
Abdulkerim,2024-09-15,2.61,type1
Abdulkerim,2024-09-16,17.4,type1
Abdulkerim,2024-09-17,23.49,type1
Abdulkerim,2024-09-18,27.84,type1
Abdulkerim,2024-09-19,28.71,type1
Abdulkerim,2024-09-20,11.31,type1
Abdulkerim,2024-09-21,52.2,type1
Abdulkerim,2024-09-22,22.62,type1
Abdulkerim,2024-09-23,15.66,type1
Abdulkerim,2024-09-24,21.75,type1
Abdulkerim,2024-09-25,20.88,type1
Abdulkerim,2024-09-26,48.72,type1
Abdulkerim,2024-09-27,7.83,type1
Abdulkerim,2024-09-28,13.92,type1
Abdulkerim,2024-09-29,82.65,type1
Abdulkerim,2024-09-30,6.09,type1
Adnan-Erdem,2024-09-01,33.93,type1
Adnan-Erdem,2024-09-02,17.4,type1
Adnan-Erdem,2024-09-03,30.45,type1
Adnan-Erdem,2024-09-04,29.58,type1
Adnan-Erdem,2024-09-05,28.71,type1
Adnan-Erdem,2024-09-06,26.1,type1
Adnan-Erdem,2024-09-07,39.15,type1
Adnan-Erdem,2024-09-08,39.15,type1
Adnan-Erdem,2024-09-09,24.36,type1
Adnan-Erdem,2024-09-10,59.16,type1
Adnan-Erdem,2024-09-11,32.19,type1
Adnan-Erdem,2024-09-12,8.7,type1
Adnan-Erdem,2024-09-13,32.19,type1
Adnan-Erdem,2024-09-14,11.31,type1
Adnan-Erdem,2024-09-15,50.46,type1
Adnan-Erdem,2024-09-16,39.15,type1
Adnan-Erdem,2024-09-17,13.92,type1
Adnan-Erdem,2024-09-18,26.1,type1
Adnan-Erdem,2024-09-19,23.49,type1
Adnan-Erdem,2024-09-20,13.92,type1
Adnan-Erdem,2024-09-21,22.62,type1
Adnan-Erdem,2024-09-22,13.05,type1
Adnan-Erdem,2024-09-23,20.01,type1
Adnan-Erdem,2024-09-24,29.58,type1
Adnan-Erdem,2024-09-25,39.15,type1
Adnan-Erdem,2024-09-26,16.53,type1
Adnan-Erdem,2024-09-27,50.46,type1
Adnan-Erdem,2024-09-28,34.8,type1
Adnan-Erdem,2024-09-29,33.06,type1
Adnan-Erdem,2024-09-30,23.49,type1
Alexandre,2024-09-01,7.83,type1
Alexandre,2024-09-02,6.96,type1
Alexandre,2024-09-03,14.79,type1
Alexandre,2024-09-04,21.75,type1
Alexandre,2024-09-05,3.48,type1
Alexandre,2024-09-06,55.68,type1
Alexandre,2024-09-07,4.35,type1
Alexandre,2024-09-08,13.92,type1
Alexandre,2024-09-09,24.36,type1
Alexandre,2024-09-10,13.05,type1
Alexandre,2024-09-11,26.97,type1
Alexandre,2024-09-12,15.66,type1
Alexandre,2024-09-13,25.23,type1
Alexandre,2024-09-14,65.25,type1
Alexandre,2024-09-15,2.61,type1
Alexandre,2024-09-16,22.62,type1
Alexandre,2024-09-17,26.97,type1
Alexandre,2024-09-18,19.14,type1
Alexandre,2024-09-19,6.96,type1
Alexandre,2024-09-20,7.83,type1
Alexandre,2024-09-21,31.32,type1
Alexandre,2024-09-22,24.36,type1
Alexandre,2024-09-23,7.83,type1
Alexandre,2024-09-24,26.97,type1
Alexandre,2024-09-25,30.45,type1
Alexandre,2024-09-26,59.16,type1
Alexandre,2024-09-27,53.07,type1
Alexandre,2024-09-28,67.86,type1
Alexandre,2024-09-29,5.22,type1
Alexandre,2024-09-30,40.89,type1
Anaëlle,2024-09-01,20.88,type1
Anaëlle,2024-09-02,4.35,type1
Anaëlle,2024-09-03,21.75,type1
Anaëlle,2024-09-04,20.01,type1
Anaëlle,2024-09-05,23.49,type1
Anaëlle,2024-09-06,10.44,type1
Anaëlle,2024-09-07,13.92,type1
Anaëlle,2024-09-08,53.94,type1
Anaëlle,2024-09-09,29.58,type1
Anaëlle,2024-09-10,8.7,type1
Anaëlle,2024-09-11,13.92,type1
Anaëlle,2024-09-12,8.7,type1
Anaëlle,2024-09-13,20.88,type1
Anaëlle,2024-09-14,36.54,type1
Anaëlle,2024-09-15,47.85,type1
Anaëlle,2024-09-16,13.92,type1
Anaëlle,2024-09-17,3.48,type1
Anaëlle,2024-09-18,23.49,type1
Anaëlle,2024-09-19,2.61,type1
Anaëlle,2024-09-20,30.45,type1
Anaëlle,2024-09-21,17.4,type1
Anaëlle,2024-09-22,37.41,type1
Anaëlle,2024-09-23,0.0,type1
Anaëlle,2024-09-24,20.01,type1
Anaëlle,2024-09-25,39.15,type1
Anaëlle,2024-09-26,53.94,type1
Anaëlle,2024-09-27,2.61,type1
Anaëlle,2024-09-28,24.36,type1
Anaëlle,2024-09-29,40.89,type1
Anaëlle,2024-09-30,28.71,type1
Antonin,2024-09-01,33.06,type1
Antonin,2024-09-02,23.49,type1
Antonin,2024-09-03,13.05,type1
Antonin,2024-09-04,28.71,type1
Antonin,2024-09-05,36.54,type1
Antonin,2024-09-06,41.76,type1
Antonin,2024-09-07,1.74,type1
Antonin,2024-09-08,32.19,type1
Antonin,2024-09-09,27.84,type1
Antonin,2024-09-10,27.84,type1
Antonin,2024-09-11,47.85,type1
Antonin,2024-09-12,13.05,type1
Antonin,2024-09-13,13.05,type1
Antonin,2024-09-14,34.8,type1
Antonin,2024-09-15,85.26,type1
Antonin,2024-09-16,13.92,type1
Antonin,2024-09-17,26.97,type1
Antonin,2024-09-18,55.68,type1
Antonin,2024-09-19,25.23,type1
Antonin,2024-09-20,20.88,type1
Antonin,2024-09-21,25.23,type1
Antonin,2024-09-22,22.62,type1
Antonin,2024-09-23,18.27,type1
Antonin,2024-09-24,16.53,type1
Antonin,2024-09-25,14.79,type1
Antonin,2024-09-26,6.96,type1
Antonin,2024-09-27,30.45,type1
Antonin,2024-09-28,6.09,type1
Antonin,2024-09-29,43.5,type1
Antonin,2024-09-30,9.57,type1
Arif,2024-09-01,10.44,type1
Arif,2024-09-02,20.88,type1
Arif,2024-09-03,26.1,type1
Arif,2024-09-04,11.31,type1
Arif,2024-09-05,17.4,type1
Arif,2024-09-06,23.49,type1
Arif,2024-09-07,66.12,type1
Arif,2024-09-08,30.45,type1
Arif,2024-09-09,20.88,type1
Arif,2024-09-10,17.4,type1
Arif,2024-09-11,10.44,type1
Arif,2024-09-12,33.93,type1
Arif,2024-09-13,29.58,type1
Arif,2024-09-14,33.93,type1
Arif,2024-09-15,43.5,type1
Arif,2024-09-16,28.71,type1
Arif,2024-09-17,25.23,type1
Arif,2024-09-18,33.06,type1
Arif,2024-09-19,21.75,type1
Arif,2024-09-20,49.59,type1
Arif,2024-09-21,69.6,type1
Arif,2024-09-22,30.45,type1
Arif,2024-09-23,20.01,type1
Arif,2024-09-24,6.09,type1
Arif,2024-09-25,57.42,type1
Arif,2024-09-26,26.97,type1
Arif,2024-09-27,15.66,type1
Arif,2024-09-28,21.75,type1
Arif,2024-09-29,69.6,type1
Arif,2024-09-30,26.1,type1
Arthur,2024-09-01,6.96,type1
Arthur,2024-09-02,26.97,type1
Arthur,2024-09-03,24.36,type1
Arthur,2024-09-04,10.44,type1
Arthur,2024-09-05,30.45,type1
Arthur,2024-09-06,36.54,type1
Arthur,2024-09-07,23.49,type1
Arthur,2024-09-08,9.57,type1
Arthur,2024-09-09,14.79,type1
Arthur,2024-09-10,22.62,type1
Arthur,2024-09-11,26.1,type1
Arthur,2024-09-12,19.14,type1
Arthur,2024-09-13,35.67,type1
Arthur,2024-09-14,72.21,type1
Arthur,2024-09-15,12.18,type1
Arthur,2024-09-16,22.62,type1
Arthur,2024-09-17,44.37,type1
Arthur,2024-09-18,19.14,type1
Arthur,2024-09-19,8.7,type1
Arthur,2024-09-20,46.11,type1
Arthur,2024-09-21,41.76,type1
Arthur,2024-09-22,12.18,type1
Arthur,2024-09-23,60.9,type1
Arthur,2024-09-24,0.87,type1
Arthur,2024-09-25,29.58,type1
Arthur,2024-09-26,42.63,type1
Arthur,2024-09-27,6.96,type1
Arthur,2024-09-28,24.36,type1
Arthur,2024-09-29,42.63,type1
Arthur,2024-09-30,22.62,type1
Aslam,2024-09-01,29.58,type1
Aslam,2024-09-02,40.02,type1
Aslam,2024-09-03,47.85,type1
Aslam,2024-09-04,20.01,type1
Aslam,2024-09-05,20.88,type1
Aslam,2024-09-06,14.79,type1
Aslam,2024-09-07,50.46,type1
Aslam,2024-09-08,21.75,type1
Aslam,2024-09-09,13.92,type1
Aslam,2024-09-10,24.36,type1
Aslam,2024-09-11,34.8,type1
Aslam,2024-09-12,28.71,type1
Aslam,2024-09-13,34.8,type1
Aslam,2024-09-14,31.32,type1
Aslam,2024-09-15,38.28,type1
Aslam,2024-09-16,45.24,type1
Aslam,2024-09-17,3.48,type1
Aslam,2024-09-18,13.05,type1
Aslam,2024-09-19,20.01,type1
Aslam,2024-09-20,1.74,type1
Aslam,2024-09-21,30.45,type1
Aslam,2024-09-22,43.5,type1
Aslam,2024-09-23,42.63,type1
Aslam,2024-09-24,32.19,type1
Aslam,2024-09-25,26.1,type1
Aslam,2024-09-26,13.05,type1
Aslam,2024-09-27,24.36,type1
Aslam,2024-09-28,26.1,type1
Aslam,2024-09-29,32.19,type1
Aslam,2024-09-30,28.71,type1
Asma,2024-09-01,9.57,type1
Asma,2024-09-02,25.23,type1
Asma,2024-09-03,25.23,type1
Asma,2024-09-04,60.03,type1
Asma,2024-09-05,10.44,type1
Asma,2024-09-06,11.31,type1
Asma,2024-09-07,25.23,type1
Asma,2024-09-08,6.96,type1
Asma,2024-09-09,19.14,type1
Asma,2024-09-10,26.1,type1
Asma,2024-09-11,60.9,type1
Asma,2024-09-12,20.88,type1
Asma,2024-09-13,21.75,type1
Asma,2024-09-14,32.19,type1
Asma,2024-09-15,23.49,type1
Asma,2024-09-16,20.01,type1
Asma,2024-09-17,14.79,type1
Asma,2024-09-18,28.71,type1
Asma,2024-09-19,29.58,type1
Asma,2024-09-20,18.27,type1
Asma,2024-09-21,62.64,type1
Asma,2024-09-22,33.06,type1
Asma,2024-09-23,25.23,type1
Asma,2024-09-24,61.77,type1
Asma,2024-09-25,47.85,type1
Asma,2024-09-26,24.36,type1
Asma,2024-09-27,23.49,type1
Asma,2024-09-28,28.71,type1
Asma,2024-09-29,5.22,type1
Asma,2024-09-30,47.85,type1
Bastian,2024-09-01,6.96,type1
Bastian,2024-09-02,6.09,type1
Bastian,2024-09-03,3.48,type1
Bastian,2024-09-04,18.27,type1
Bastian,2024-09-05,3.48,type1
Bastian,2024-09-06,30.45,type1
Bastian,2024-09-07,26.1,type1
Bastian,2024-09-08,53.94,type1
Bastian,2024-09-09,6.96,type1
Bastian,2024-09-10,29.58,type1
Bastian,2024-09-11,10.44,type1
Bastian,2024-09-12,12.18,type1
Bastian,2024-09-13,21.75,type1
Bastian,2024-09-14,18.27,type1
Bastian,2024-09-15,49.59,type1
Bastian,2024-09-16,20.01,type1
Bastian,2024-09-17,18.27,type1
Bastian,2024-09-18,34.8,type1
Bastian,2024-09-19,7.83,type1
Bastian,2024-09-20,20.01,type1
Bastian,2024-09-21,74.82,type1
Bastian,2024-09-22,38.28,type1
Bastian,2024-09-23,23.49,type1
Bastian,2024-09-24,19.14,type1
Bastian,2024-09-25,41.76,type1
Bastian,2024-09-26,29.58,type1
Bastian,2024-09-27,16.53,type1
Bastian,2024-09-28,29.58,type1
Bastian,2024-09-29,20.88,type1
Bastian,2024-09-30,21.75,type1
Bastien,2024-09-01,23.49,type1
Bastien,2024-09-02,22.62,type1
Bastien,2024-09-03,36.54,type1
Bastien,2024-09-04,13.05,type1
Bastien,2024-09-05,43.5,type1
Bastien,2024-09-06,25.23,type1
Bastien,2024-09-07,26.1,type1
Bastien,2024-09-08,28.71,type1
Bastien,2024-09-09,29.58,type1
Bastien,2024-09-10,23.49,type1
Bastien,2024-09-11,44.37,type1
Bastien,2024-09-12,14.79,type1
Bastien,2024-09-13,20.88,type1
Bastien,2024-09-14,12.18,type1
Bastien,2024-09-15,9.57,type1
Bastien,2024-09-16,35.67,type1
Bastien,2024-09-17,21.75,type1
Bastien,2024-09-18,15.66,type1
Bastien,2024-09-19,40.02,type1
Bastien,2024-09-20,26.1,type1
Bastien,2024-09-21,44.37,type1
Bastien,2024-09-22,38.28,type1
Bastien,2024-09-23,19.14,type1
Bastien,2024-09-24,17.4,type1
Bastien,2024-09-25,2.61,type1
Bastien,2024-09-26,38.28,type1
Bastien,2024-09-27,28.71,type1
Bastien,2024-09-28,22.62,type1
Bastien,2024-09-29,19.14,type1
Bastien,2024-09-30,13.92,type1
Cenzo,2024-09-01,30.45,type1
Cenzo,2024-09-02,20.01,type1
Cenzo,2024-09-03,20.88,type1
Cenzo,2024-09-04,13.92,type1
Cenzo,2024-09-05,34.8,type1
Cenzo,2024-09-06,31.32,type1
Cenzo,2024-09-07,40.89,type1
Cenzo,2024-09-08,15.66,type1
Cenzo,2024-09-09,2.61,type1
Cenzo,2024-09-10,6.96,type1
Cenzo,2024-09-11,21.75,type1
Cenzo,2024-09-12,22.62,type1
Cenzo,2024-09-13,26.97,type1
Cenzo,2024-09-14,54.81,type1
Cenzo,2024-09-15,26.97,type1
Cenzo,2024-09-16,13.05,type1
Cenzo,2024-09-17,4.35,type1
Cenzo,2024-09-18,7.83,type1
Cenzo,2024-09-19,26.1,type1
Cenzo,2024-09-20,44.37,type1
Cenzo,2024-09-21,1.74,type1
Cenzo,2024-09-22,13.92,type1
Cenzo,2024-09-23,34.8,type1
Cenzo,2024-09-24,37.41,type1
Cenzo,2024-09-25,60.9,type1
Cenzo,2024-09-26,11.31,type1
Cenzo,2024-09-27,20.88,type1
Cenzo,2024-09-28,22.62,type1
Cenzo,2024-09-29,25.23,type1
Cenzo,2024-09-30,6.09,type1
Clément,2024-09-01,11.31,type1
Clément,2024-09-02,26.1,type1
Clément,2024-09-03,9.57,type1
Clément,2024-09-04,25.23,type1
Clément,2024-09-05,13.05,type1
Clément,2024-09-06,11.31,type1
Clément,2024-09-07,43.5,type1
Clément,2024-09-08,75.69,type1
Clément,2024-09-09,25.23,type1
Clément,2024-09-10,14.79,type1
Clément,2024-09-11,20.88,type1
Clément,2024-09-12,34.8,type1
Clément,2024-09-13,0.87,type1
Clément,2024-09-14,31.32,type1
Clément,2024-09-15,2.61,type1
Clément,2024-09-16,20.01,type1
Clément,2024-09-17,53.94,type1
Clément,2024-09-18,22.62,type1
Clément,2024-09-19,20.88,type1
Clément,2024-09-20,23.49,type1
Clément,2024-09-21,16.53,type1
Clément,2024-09-22,32.19,type1
Clément,2024-09-23,46.98,type1
Clément,2024-09-24,35.67,type1
Clément,2024-09-25,19.14,type1
Clément,2024-09-26,11.31,type1
Clément,2024-09-27,26.1,type1
Clément,2024-09-28,38.28,type1
Clément,2024-09-29,40.02,type1
Clément,2024-09-30,6.09,type1
Colin,2024-09-01,46.11,type1
Colin,2024-09-02,31.32,type1
Colin,2024-09-03,25.23,type1
Colin,2024-09-04,1.74,type1
Colin,2024-09-05,22.62,type1
Colin,2024-09-06,19.14,type1
Colin,2024-09-07,26.97,type1
Colin,2024-09-08,4.35,type1
Colin,2024-09-09,27.84,type1
Colin,2024-09-10,6.09,type1
Colin,2024-09-11,6.09,type1
Colin,2024-09-12,18.27,type1
Colin,2024-09-13,19.14,type1
Colin,2024-09-14,32.19,type1
Colin,2024-09-15,13.92,type1
Colin,2024-09-16,22.62,type1
Colin,2024-09-17,20.88,type1
Colin,2024-09-18,32.19,type1
Colin,2024-09-19,29.58,type1
Colin,2024-09-20,45.24,type1
Colin,2024-09-21,14.79,type1
Colin,2024-09-22,7.83,type1
Colin,2024-09-23,57.42,type1
Colin,2024-09-24,59.16,type1
Colin,2024-09-25,33.06,type1
Colin,2024-09-26,17.4,type1
Colin,2024-09-27,20.88,type1
Colin,2024-09-28,30.45,type1
Colin,2024-09-29,8.7,type1
Colin,2024-09-30,17.4,type1
Corentin,2024-09-01,28.71,type1
Corentin,2024-09-02,28.71,type1
Corentin,2024-09-03,22.62,type1
Corentin,2024-09-04,13.92,type1
Corentin,2024-09-05,36.54,type1
Corentin,2024-09-06,23.49,type1
Corentin,2024-09-07,10.44,type1
Corentin,2024-09-08,39.15,type1
Corentin,2024-09-09,9.57,type1
Corentin,2024-09-10,32.19,type1
Corentin,2024-09-11,16.53,type1
Corentin,2024-09-12,52.2,type1
Corentin,2024-09-13,38.28,type1
Corentin,2024-09-14,25.23,type1
Corentin,2024-09-15,60.9,type1
Corentin,2024-09-16,39.15,type1
Corentin,2024-09-17,23.49,type1
Corentin,2024-09-18,28.71,type1
Corentin,2024-09-19,5.22,type1
Corentin,2024-09-20,8.7,type1
Corentin,2024-09-21,21.75,type1
Corentin,2024-09-22,26.1,type1
Corentin,2024-09-23,17.4,type1
Corentin,2024-09-24,59.16,type1
Corentin,2024-09-25,23.49,type1
Corentin,2024-09-26,20.01,type1
Corentin,2024-09-27,13.92,type1
Corentin,2024-09-28,42.63,type1
Corentin,2024-09-29,0.0,type1
Corentin,2024-09-30,26.97,type1
Célestin,2024-09-01,20.88,type1
Célestin,2024-09-02,27.84,type1
Célestin,2024-09-03,21.75,type1
Célestin,2024-09-04,19.14,type1
Célestin,2024-09-05,47.85,type1
Célestin,2024-09-06,24.36,type1
Célestin,2024-09-07,1.74,type1
Célestin,2024-09-08,26.97,type1
Célestin,2024-09-09,19.14,type1
Célestin,2024-09-10,2.61,type1
Célestin,2024-09-11,55.68,type1
Célestin,2024-09-12,12.18,type1
Célestin,2024-09-13,41.76,type1
Célestin,2024-09-14,25.23,type1
Célestin,2024-09-15,75.69,type1
Célestin,2024-09-16,26.97,type1
Célestin,2024-09-17,25.23,type1
Célestin,2024-09-18,22.62,type1
Célestin,2024-09-19,23.49,type1
Célestin,2024-09-20,10.44,type1
Célestin,2024-09-21,33.93,type1
Célestin,2024-09-22,33.93,type1
Célestin,2024-09-23,6.09,type1
Célestin,2024-09-24,7.83,type1
Célestin,2024-09-25,2.61,type1
Célestin,2024-09-26,4.35,type1
Célestin,2024-09-27,23.49,type1
Célestin,2024-09-28,40.02,type1
Célestin,2024-09-29,68.73,type1
Célestin,2024-09-30,36.54,type1
Elias,2024-09-01,27.84,type1
Elias,2024-09-02,50.46,type1
Elias,2024-09-03,19.14,type1
Elias,2024-09-04,21.75,type1
Elias,2024-09-05,52.2,type1
Elias,2024-09-06,38.28,type1
Elias,2024-09-07,39.15,type1
Elias,2024-09-08,25.23,type1
Elias,2024-09-09,28.71,type1
Elias,2024-09-10,4.35,type1
Elias,2024-09-11,60.9,type1
Elias,2024-09-12,20.01,type1
Elias,2024-09-13,13.05,type1
Elias,2024-09-14,26.1,type1
Elias,2024-09-15,6.96,type1
Elias,2024-09-16,20.88,type1
Elias,2024-09-17,13.05,type1
Elias,2024-09-18,20.88,type1
Elias,2024-09-19,20.01,type1
Elias,2024-09-20,6.09,type1
Elias,2024-09-21,24.36,type1
Elias,2024-09-22,40.02,type1
Elias,2024-09-23,21.75,type1
Elias,2024-09-24,13.05,type1
Elias,2024-09-25,7.83,type1
Elias,2024-09-26,1.74,type1
Elias,2024-09-27,5.22,type1
Elias,2024-09-28,3.48,type1
Elias,2024-09-29,18.27,type1
Elias,2024-09-30,9.57,type1
Emrecan,2024-09-01,42.63,type1
Emrecan,2024-09-02,17.4,type1
Emrecan,2024-09-03,25.23,type1
Emrecan,2024-09-04,26.97,type1
Emrecan,2024-09-05,28.71,type1
Emrecan,2024-09-06,30.45,type1
Emrecan,2024-09-07,4.35,type1
Emrecan,2024-09-08,71.34,type1
Emrecan,2024-09-09,5.22,type1
Emrecan,2024-09-10,20.88,type1
Emrecan,2024-09-11,22.62,type1
Emrecan,2024-09-12,10.44,type1
Emrecan,2024-09-13,20.88,type1
Emrecan,2024-09-14,54.81,type1
Emrecan,2024-09-15,23.49,type1
Emrecan,2024-09-16,22.62,type1
Emrecan,2024-09-17,0.0,type1
Emrecan,2024-09-18,33.93,type1
Emrecan,2024-09-19,51.33,type1
Emrecan,2024-09-20,27.84,type1
Emrecan,2024-09-21,37.41,type1
Emrecan,2024-09-22,23.49,type1
Emrecan,2024-09-23,5.22,type1
Emrecan,2024-09-24,21.75,type1
Emrecan,2024-09-25,16.53,type1
Emrecan,2024-09-26,52.2,type1
Emrecan,2024-09-27,3.48,type1
Emrecan,2024-09-28,26.1,type1
Emrecan,2024-09-29,18.27,type1
Emrecan,2024-09-30,20.88,type1
Enzo,2024-09-01,39.15,type1
Enzo,2024-09-02,9.57,type1
Enzo,2024-09-03,13.05,type1
Enzo,2024-09-04,54.81,type1
Enzo,2024-09-05,20.01,type1
Enzo,2024-09-06,3.48,type1
Enzo,2024-09-07,25.23,type1
Enzo,2024-09-08,7.83,type1
Enzo,2024-09-09,7.83,type1
Enzo,2024-09-10,20.01,type1
Enzo,2024-09-11,30.45,type1
Enzo,2024-09-12,34.8,type1
Enzo,2024-09-13,60.9,type1
Enzo,2024-09-14,69.6,type1
Enzo,2024-09-15,29.58,type1
Enzo,2024-09-16,5.22,type1
Enzo,2024-09-17,0.87,type1
Enzo,2024-09-18,18.27,type1
Enzo,2024-09-19,26.1,type1
Enzo,2024-09-20,6.09,type1
Enzo,2024-09-21,34.8,type1
Enzo,2024-09-22,30.45,type1
Enzo,2024-09-23,29.58,type1
Enzo,2024-09-24,27.84,type1
Enzo,2024-09-25,3.48,type1
Enzo,2024-09-26,39.15,type1
Enzo,2024-09-27,14.79,type1
Enzo,2024-09-28,19.14,type1
Enzo,2024-09-29,34.8,type1
Enzo,2024-09-30,20.01,type1
Erika,2024-09-01,34.8,type1
Erika,2024-09-02,31.32,type1
Erika,2024-09-03,26.97,type1
Erika,2024-09-04,54.81,type1
Erika,2024-09-05,12.18,type1
Erika,2024-09-06,52.2,type1
Erika,2024-09-07,36.54,type1
Erika,2024-09-08,11.31,type1
Erika,2024-09-09,23.49,type1
Erika,2024-09-10,20.88,type1
Erika,2024-09-11,16.53,type1
Erika,2024-09-12,30.45,type1
Erika,2024-09-13,6.96,type1
Erika,2024-09-14,26.97,type1
Erika,2024-09-15,38.28,type1
Erika,2024-09-16,22.62,type1
Erika,2024-09-17,13.92,type1
Erika,2024-09-18,24.36,type1
Erika,2024-09-19,40.02,type1
Erika,2024-09-20,8.7,type1
Erika,2024-09-21,11.31,type1
Erika,2024-09-22,58.29,type1
Erika,2024-09-23,26.97,type1
Erika,2024-09-24,21.75,type1
Erika,2024-09-25,16.53,type1
Erika,2024-09-26,0.87,type1
Erika,2024-09-27,26.97,type1
Erika,2024-09-28,20.01,type1
Erika,2024-09-29,2.61,type1
Erika,2024-09-30,13.92,type1
Erman,2024-09-01,40.02,type1
Erman,2024-09-02,23.49,type1
Erman,2024-09-03,28.71,type1
Erman,2024-09-04,10.44,type1
Erman,2024-09-05,8.7,type1
Erman,2024-09-06,21.75,type1
Erman,2024-09-07,21.75,type1
Erman,2024-09-08,27.84,type1
Erman,2024-09-09,30.45,type1
Erman,2024-09-10,6.96,type1
Erman,2024-09-11,20.88,type1
Erman,2024-09-12,6.09,type1
Erman,2024-09-13,12.18,type1
Erman,2024-09-14,17.4,type1
Erman,2024-09-15,1.74,type1
Erman,2024-09-16,26.97,type1
Erman,2024-09-17,23.49,type1
Erman,2024-09-18,48.72,type1
Erman,2024-09-19,30.45,type1
Erman,2024-09-20,24.36,type1
Erman,2024-09-21,58.29,type1
Erman,2024-09-22,49.59,type1
Erman,2024-09-23,47.85,type1
Erman,2024-09-24,21.75,type1
Erman,2024-09-25,26.97,type1
Erman,2024-09-26,1.74,type1
Erman,2024-09-27,9.57,type1
Erman,2024-09-28,14.79,type1
Erman,2024-09-29,52.2,type1
Erman,2024-09-30,41.76,type1
Erwan,2024-09-01,26.1,type1
Erwan,2024-09-02,53.07,type1
Erwan,2024-09-03,5.22,type1
Erwan,2024-09-04,9.57,type1
Erwan,2024-09-05,6.09,type1
Erwan,2024-09-06,16.53,type1
Erwan,2024-09-07,23.49,type1
Erwan,2024-09-08,52.2,type1
Erwan,2024-09-09,24.36,type1
Erwan,2024-09-10,24.36,type1
Erwan,2024-09-11,48.72,type1
Erwan,2024-09-12,6.09,type1
Erwan,2024-09-13,0.0,type1
Erwan,2024-09-14,19.14,type1
Erwan,2024-09-15,19.14,type1
Erwan,2024-09-16,28.71,type1
Erwan,2024-09-17,26.1,type1
Erwan,2024-09-18,0.87,type1
Erwan,2024-09-19,25.23,type1
Erwan,2024-09-20,28.71,type1
Erwan,2024-09-21,6.09,type1
Erwan,2024-09-22,44.37,type1
Erwan,2024-09-23,45.24,type1
Erwan,2024-09-24,29.58,type1
Erwan,2024-09-25,25.23,type1
Erwan,2024-09-26,0.0,type1
Erwan,2024-09-27,6.96,type1
Erwan,2024-09-28,24.36,type1
Erwan,2024-09-29,38.28,type1
Erwan,2024-09-30,20.88,type1
Erwann,2024-09-01,50.46,type1
Erwann,2024-09-02,21.75,type1
Erwann,2024-09-03,26.97,type1
Erwann,2024-09-04,22.62,type1
Erwann,2024-09-05,20.01,type1
Erwann,2024-09-06,39.15,type1
Erwann,2024-09-07,40.89,type1
Erwann,2024-09-08,38.28,type1
Erwann,2024-09-09,53.94,type1
Erwann,2024-09-10,19.14,type1
Erwann,2024-09-11,30.45,type1
Erwann,2024-09-12,46.11,type1
Erwann,2024-09-13,26.1,type1
Erwann,2024-09-14,27.84,type1
Erwann,2024-09-15,30.45,type1
Erwann,2024-09-16,12.18,type1
Erwann,2024-09-17,20.88,type1
Erwann,2024-09-18,49.59,type1
Erwann,2024-09-19,12.18,type1
Erwann,2024-09-20,18.27,type1
Erwann,2024-09-21,22.62,type1
Erwann,2024-09-22,26.97,type1
Erwann,2024-09-23,46.11,type1
Erwann,2024-09-24,26.1,type1
Erwann,2024-09-25,29.58,type1
Erwann,2024-09-26,13.92,type1
Erwann,2024-09-27,32.19,type1
Erwann,2024-09-28,18.27,type1
Erwann,2024-09-29,27.84,type1
Erwann,2024-09-30,27.84,type1
Esteban,2024-09-01,40.89,type1
Esteban,2024-09-02,44.37,type1
Esteban,2024-09-03,14.79,type1
Esteban,2024-09-04,30.45,type1
Esteban,2024-09-05,6.09,type1
Esteban,2024-09-06,30.45,type1
Esteban,2024-09-07,26.1,type1
Esteban,2024-09-08,35.67,type1
Esteban,2024-09-09,56.55,type1
Esteban,2024-09-10,21.75,type1
Esteban,2024-09-11,12.18,type1
Esteban,2024-09-12,28.71,type1
Esteban,2024-09-13,27.84,type1
Esteban,2024-09-14,15.66,type1
Esteban,2024-09-15,38.28,type1
Esteban,2024-09-16,21.75,type1
Esteban,2024-09-17,23.49,type1
Esteban,2024-09-18,4.35,type1
Esteban,2024-09-19,12.18,type1
Esteban,2024-09-20,21.75,type1
Esteban,2024-09-21,45.24,type1
Esteban,2024-09-22,11.31,type1
Esteban,2024-09-23,27.84,type1
Esteban,2024-09-24,6.09,type1
Esteban,2024-09-25,48.72,type1
Esteban,2024-09-26,29.58,type1
Esteban,2024-09-27,50.46,type1
Esteban,2024-09-28,18.27,type1
Esteban,2024-09-29,28.71,type1
Esteban,2024-09-30,21.75,type1
Etienne,2024-09-01,14.79,type1
Etienne,2024-09-02,24.36,type1
Etienne,2024-09-03,6.96,type1
Etienne,2024-09-04,20.88,type1
Etienne,2024-09-05,53.07,type1
Etienne,2024-09-06,19.14,type1
Etienne,2024-09-07,19.14,type1
Etienne,2024-09-08,7.83,type1
Etienne,2024-09-09,28.71,type1
Etienne,2024-09-10,43.5,type1
Etienne,2024-09-11,10.44,type1
Etienne,2024-09-12,49.59,type1
Etienne,2024-09-13,6.96,type1
Etienne,2024-09-14,27.84,type1
Etienne,2024-09-15,25.23,type1
Etienne,2024-09-16,19.14,type1
Etienne,2024-09-17,19.14,type1
Etienne,2024-09-18,28.71,type1
Etienne,2024-09-19,19.14,type1
Etienne,2024-09-20,26.97,type1
Etienne,2024-09-21,26.97,type1
Etienne,2024-09-22,28.71,type1
Etienne,2024-09-23,10.44,type1
Etienne,2024-09-24,8.7,type1
Etienne,2024-09-25,0.0,type1
Etienne,2024-09-26,4.35,type1
Etienne,2024-09-27,51.33,type1
Etienne,2024-09-28,1.74,type1
Etienne,2024-09-29,13.92,type1
Etienne,2024-09-30,41.76,type1
Evan,2024-09-01,26.1,type1
Evan,2024-09-02,23.49,type1
Evan,2024-09-03,13.92,type1
Evan,2024-09-04,19.14,type1
Evan,2024-09-05,22.62,type1
Evan,2024-09-06,22.62,type1
Evan,2024-09-07,18.27,type1
Evan,2024-09-08,13.05,type1
Evan,2024-09-09,7.83,type1
Evan,2024-09-10,27.84,type1
Evan,2024-09-11,14.79,type1
Evan,2024-09-12,26.1,type1
Evan,2024-09-13,11.31,type1
Evan,2024-09-14,26.97,type1
Evan,2024-09-15,68.73,type1
Evan,2024-09-16,22.62,type1
Evan,2024-09-17,29.58,type1
Evan,2024-09-18,9.57,type1
Evan,2024-09-19,8.7,type1
Evan,2024-09-20,10.44,type1
Evan,2024-09-21,22.62,type1
Evan,2024-09-22,73.08,type1
Evan,2024-09-23,20.01,type1
Evan,2024-09-24,17.4,type1
Evan,2024-09-25,33.06,type1
Evan,2024-09-26,30.45,type1
Evan,2024-09-27,44.37,type1
Evan,2024-09-28,20.88,type1
Evan,2024-09-29,4.35,type1
Evan,2024-09-30,25.23,type1
Fayçal,2024-09-01,66.12,type1
Fayçal,2024-09-02,10.44,type1
Fayçal,2024-09-03,14.79,type1
Fayçal,2024-09-04,58.29,type1
Fayçal,2024-09-05,22.62,type1
Fayçal,2024-09-06,20.88,type1
Fayçal,2024-09-07,38.28,type1
Fayçal,2024-09-08,26.1,type1
Fayçal,2024-09-09,13.92,type1
Fayçal,2024-09-10,29.58,type1
Fayçal,2024-09-11,24.36,type1
Fayçal,2024-09-12,34.8,type1
Fayçal,2024-09-13,9.57,type1
Fayçal,2024-09-14,33.93,type1
Fayçal,2024-09-15,16.53,type1
Fayçal,2024-09-16,11.31,type1
Fayçal,2024-09-17,39.15,type1
Fayçal,2024-09-18,33.06,type1
Fayçal,2024-09-19,57.42,type1
Fayçal,2024-09-20,44.37,type1
Fayçal,2024-09-21,2.61,type1
Fayçal,2024-09-22,42.63,type1
Fayçal,2024-09-23,20.01,type1
Fayçal,2024-09-24,6.96,type1
Fayçal,2024-09-25,31.32,type1
Fayçal,2024-09-26,22.62,type1
Fayçal,2024-09-27,13.05,type1
Fayçal,2024-09-28,23.49,type1
Fayçal,2024-09-29,35.67,type1
Fayçal,2024-09-30,3.48,type1
Flavio,2024-09-01,19.14,type1
Flavio,2024-09-02,7.83,type1
Flavio,2024-09-03,26.1,type1
Flavio,2024-09-04,3.48,type1
Flavio,2024-09-05,26.1,type1
Flavio,2024-09-06,27.84,type1
Flavio,2024-09-07,52.2,type1
Flavio,2024-09-08,18.27,type1
Flavio,2024-09-09,13.92,type1
Flavio,2024-09-10,6.96,type1
Flavio,2024-09-11,26.1,type1
Flavio,2024-09-12,26.1,type1
Flavio,2024-09-13,8.7,type1
Flavio,2024-09-14,29.58,type1
Flavio,2024-09-15,26.97,type1
Flavio,2024-09-16,11.31,type1
Flavio,2024-09-17,14.79,type1
Flavio,2024-09-18,6.96,type1
Flavio,2024-09-19,46.11,type1
Flavio,2024-09-20,13.92,type1
Flavio,2024-09-21,24.36,type1
Flavio,2024-09-22,9.57,type1
Flavio,2024-09-23,33.06,type1
Flavio,2024-09-24,21.75,type1
Flavio,2024-09-25,24.36,type1
Flavio,2024-09-26,13.05,type1
Flavio,2024-09-27,10.44,type1
Flavio,2024-09-28,43.5,type1
Flavio,2024-09-29,58.29,type1
Flavio,2024-09-30,1.74,type1
Florian,2024-09-01,33.06,type1
Florian,2024-09-02,13.92,type1
Florian,2024-09-03,27.84,type1
Florian,2024-09-04,46.98,type1
Florian,2024-09-05,20.01,type1
Florian,2024-09-06,28.71,type1
Florian,2024-09-07,13.05,type1
Florian,2024-09-08,32.19,type1
Florian,2024-09-09,44.37,type1
Florian,2024-09-10,21.75,type1
Florian,2024-09-11,14.79,type1
Florian,2024-09-12,26.97,type1
Florian,2024-09-13,25.23,type1
Florian,2024-09-14,27.84,type1
Florian,2024-09-15,11.31,type1
Florian,2024-09-16,18.27,type1
Florian,2024-09-17,25.23,type1
Florian,2024-09-18,13.05,type1
Florian,2024-09-19,23.49,type1
Florian,2024-09-20,25.23,type1
Florian,2024-09-21,0.0,type1
Florian,2024-09-22,0.0,type1
Florian,2024-09-23,39.15,type1
Florian,2024-09-24,23.49,type1
Florian,2024-09-25,0.0,type1
Florian,2024-09-26,60.03,type1
Florian,2024-09-27,24.36,type1
Florian,2024-09-28,30.45,type1
Florian,2024-09-29,34.8,type1
Florian,2024-09-30,26.97,type1
Gabriel,2024-09-01,36.54,type1
Gabriel,2024-09-02,15.66,type1
Gabriel,2024-09-03,48.72,type1
Gabriel,2024-09-04,20.01,type1
Gabriel,2024-09-05,14.79,type1
Gabriel,2024-09-06,43.5,type1
Gabriel,2024-09-07,51.33,type1
Gabriel,2024-09-08,11.31,type1
Gabriel,2024-09-09,2.61,type1
Gabriel,2024-09-10,6.96,type1
Gabriel,2024-09-11,20.01,type1
Gabriel,2024-09-12,48.72,type1
Gabriel,2024-09-13,26.97,type1
Gabriel,2024-09-14,15.66,type1
Gabriel,2024-09-15,38.28,type1
Gabriel,2024-09-16,18.27,type1
Gabriel,2024-09-17,20.88,type1
Gabriel,2024-09-18,50.46,type1
Gabriel,2024-09-19,30.45,type1
Gabriel,2024-09-20,28.71,type1
Gabriel,2024-09-21,11.31,type1
Gabriel,2024-09-22,30.45,type1
Gabriel,2024-09-23,34.8,type1
Gabriel,2024-09-24,2.61,type1
Gabriel,2024-09-25,12.18,type1
Gabriel,2024-09-26,17.4,type1
Gabriel,2024-09-27,13.05,type1
Gabriel,2024-09-28,3.48,type1
Gabriel,2024-09-29,36.54,type1
Gabriel,2024-09-30,19.14,type1
Gantumur,2024-09-01,14.79,type1
Gantumur,2024-09-02,21.75,type1
Gantumur,2024-09-03,49.59,type1
Gantumur,2024-09-04,21.75,type1
Gantumur,2024-09-05,22.62,type1
Gantumur,2024-09-06,53.94,type1
Gantumur,2024-09-07,58.29,type1
Gantumur,2024-09-08,27.84,type1
Gantumur,2024-09-09,6.96,type1
Gantumur,2024-09-10,20.88,type1
Gantumur,2024-09-11,28.71,type1
Gantumur,2024-09-12,29.58,type1
Gantumur,2024-09-13,0.0,type1
Gantumur,2024-09-14,42.63,type1
Gantumur,2024-09-15,48.72,type1
Gantumur,2024-09-16,36.54,type1
Gantumur,2024-09-17,48.72,type1
Gantumur,2024-09-18,0.0,type1
Gantumur,2024-09-19,53.07,type1
Gantumur,2024-09-20,12.18,type1
Gantumur,2024-09-21,59.16,type1
Gantumur,2024-09-22,20.01,type1
Gantumur,2024-09-23,30.45,type1
Gantumur,2024-09-24,21.75,type1
Gantumur,2024-09-25,61.77,type1
Gantumur,2024-09-26,20.01,type1
Gantumur,2024-09-27,49.59,type1
Gantumur,2024-09-28,3.48,type1
Gantumur,2024-09-29,7.83,type1
Gantumur,2024-09-30,16.53,type1
Gauthier,2024-09-01,52.2,type1
Gauthier,2024-09-02,29.58,type1
Gauthier,2024-09-03,29.58,type1
Gauthier,2024-09-04,28.71,type1
Gauthier,2024-09-05,9.57,type1
Gauthier,2024-09-06,13.92,type1
Gauthier,2024-09-07,2.61,type1
Gauthier,2024-09-08,26.97,type1
Gauthier,2024-09-09,25.23,type1
Gauthier,2024-09-10,5.22,type1
Gauthier,2024-09-11,28.71,type1
Gauthier,2024-09-12,54.81,type1
Gauthier,2024-09-13,33.93,type1
Gauthier,2024-09-14,15.66,type1
Gauthier,2024-09-15,35.67,type1
Gauthier,2024-09-16,13.05,type1
Gauthier,2024-09-17,26.97,type1
Gauthier,2024-09-18,57.42,type1
Gauthier,2024-09-19,3.48,type1
Gauthier,2024-09-20,30.45,type1
Gauthier,2024-09-21,19.14,type1
Gauthier,2024-09-22,33.93,type1
Gauthier,2024-09-23,26.1,type1
Gauthier,2024-09-24,20.01,type1
Gauthier,2024-09-25,11.31,type1
Gauthier,2024-09-26,25.23,type1
Gauthier,2024-09-27,17.4,type1
Gauthier,2024-09-28,12.18,type1
Gauthier,2024-09-29,28.71,type1
Gauthier,2024-09-30,47.85,type1
Gwendan,2024-09-01,20.88,type1
Gwendan,2024-09-02,4.35,type1
Gwendan,2024-09-03,33.93,type1
Gwendan,2024-09-04,20.88,type1
Gwendan,2024-09-05,11.31,type1
Gwendan,2024-09-06,8.7,type1
Gwendan,2024-09-07,13.05,type1
Gwendan,2024-09-08,24.36,type1
Gwendan,2024-09-09,20.88,type1
Gwendan,2024-09-10,22.62,type1
Gwendan,2024-09-11,12.18,type1
Gwendan,2024-09-12,5.22,type1
Gwendan,2024-09-13,4.35,type1
Gwendan,2024-09-14,19.14,type1
Gwendan,2024-09-15,18.27,type1
Gwendan,2024-09-16,37.41,type1
Gwendan,2024-09-17,26.97,type1
Gwendan,2024-09-18,26.97,type1
Gwendan,2024-09-19,43.5,type1
Gwendan,2024-09-20,45.24,type1
Gwendan,2024-09-21,23.49,type1
Gwendan,2024-09-22,43.5,type1
Gwendan,2024-09-23,11.31,type1
Gwendan,2024-09-24,0.87,type1
Gwendan,2024-09-25,23.49,type1
Gwendan,2024-09-26,1.74,type1
Gwendan,2024-09-27,54.81,type1
Gwendan,2024-09-28,52.2,type1
Gwendan,2024-09-29,22.62,type1
Gwendan,2024-09-30,28.71,type1
Hugo,2024-09-01,15.66,type1
Hugo,2024-09-02,0.0,type1
Hugo,2024-09-03,16.53,type1
Hugo,2024-09-04,9.57,type1
Hugo,2024-09-05,20.01,type1
Hugo,2024-09-06,23.49,type1
Hugo,2024-09-07,41.76,type1
Hugo,2024-09-08,15.66,type1
Hugo,2024-09-09,28.71,type1
Hugo,2024-09-10,17.4,type1
Hugo,2024-09-11,26.97,type1
Hugo,2024-09-12,19.14,type1
Hugo,2024-09-13,22.62,type1
Hugo,2024-09-14,37.41,type1
Hugo,2024-09-15,89.61,type1
Hugo,2024-09-16,33.06,type1
Hugo,2024-09-17,13.92,type1
Hugo,2024-09-18,27.84,type1
Hugo,2024-09-19,60.9,type1
Hugo,2024-09-20,17.4,type1
Hugo,2024-09-21,60.9,type1
Hugo,2024-09-22,27.84,type1
Hugo,2024-09-23,6.96,type1
Hugo,2024-09-24,17.4,type1
Hugo,2024-09-25,7.83,type1
Hugo,2024-09-26,30.45,type1
Hugo,2024-09-27,8.7,type1
Hugo,2024-09-28,80.04,type1
Hugo,2024-09-29,34.8,type1
Hugo,2024-09-30,26.1,type1
Ilan,2024-09-01,37.41,type1
Ilan,2024-09-02,26.1,type1
Ilan,2024-09-03,27.84,type1
Ilan,2024-09-04,24.36,type1
Ilan,2024-09-05,27.84,type1
Ilan,2024-09-06,10.44,type1
Ilan,2024-09-07,3.48,type1
Ilan,2024-09-08,37.41,type1
Ilan,2024-09-09,46.11,type1
Ilan,2024-09-10,26.1,type1
Ilan,2024-09-11,20.01,type1
Ilan,2024-09-12,15.66,type1
Ilan,2024-09-13,22.62,type1
Ilan,2024-09-14,17.4,type1
Ilan,2024-09-15,15.66,type1
Ilan,2024-09-16,20.01,type1
Ilan,2024-09-17,10.44,type1
Ilan,2024-09-18,20.88,type1
Ilan,2024-09-19,4.35,type1
Ilan,2024-09-20,19.14,type1
Ilan,2024-09-21,3.48,type1
Ilan,2024-09-22,6.09,type1
Ilan,2024-09-23,58.29,type1
Ilan,2024-09-24,30.45,type1
Ilan,2024-09-25,46.11,type1
Ilan,2024-09-26,60.03,type1
Ilan,2024-09-27,28.71,type1
Ilan,2024-09-28,17.4,type1
Ilan,2024-09-29,31.32,type1
Ilan,2024-09-30,54.81,type1
Ilane,2024-09-01,17.4,type1
Ilane,2024-09-02,19.14,type1
Ilane,2024-09-03,29.58,type1
Ilane,2024-09-04,39.15,type1
Ilane,2024-09-05,26.1,type1
Ilane,2024-09-06,21.75,type1
Ilane,2024-09-07,20.01,type1
Ilane,2024-09-08,44.37,type1
Ilane,2024-09-09,22.62,type1
Ilane,2024-09-10,0.0,type1
Ilane,2024-09-11,6.09,type1
Ilane,2024-09-12,0.87,type1
Ilane,2024-09-13,13.92,type1
Ilane,2024-09-14,28.71,type1
Ilane,2024-09-15,25.23,type1
Ilane,2024-09-16,7.83,type1
Ilane,2024-09-17,23.49,type1
Ilane,2024-09-18,10.44,type1
Ilane,2024-09-19,33.93,type1
Ilane,2024-09-20,21.75,type1
Ilane,2024-09-21,38.28,type1
Ilane,2024-09-22,9.57,type1
Ilane,2024-09-23,25.23,type1
Ilane,2024-09-24,13.05,type1
Ilane,2024-09-25,13.05,type1
Ilane,2024-09-26,23.49,type1
Ilane,2024-09-27,29.58,type1
Ilane,2024-09-28,46.98,type1
Ilane,2024-09-29,28.71,type1
Ilane,2024-09-30,12.18,type1
Ilona,2024-09-01,27.84,type1
Ilona,2024-09-02,28.71,type1
Ilona,2024-09-03,4.35,type1
Ilona,2024-09-04,36.54,type1
Ilona,2024-09-05,46.11,type1
Ilona,2024-09-06,53.94,type1
Ilona,2024-09-07,48.72,type1
Ilona,2024-09-08,15.66,type1
Ilona,2024-09-09,56.55,type1
Ilona,2024-09-10,29.58,type1
Ilona,2024-09-11,2.61,type1
Ilona,2024-09-12,56.55,type1
Ilona,2024-09-13,27.84,type1
Ilona,2024-09-14,34.8,type1
Ilona,2024-09-15,73.08,type1
Ilona,2024-09-16,28.71,type1
Ilona,2024-09-17,18.27,type1
Ilona,2024-09-18,24.36,type1
Ilona,2024-09-19,29.58,type1
Ilona,2024-09-20,21.75,type1
Ilona,2024-09-21,0.87,type1
Ilona,2024-09-22,2.61,type1
Ilona,2024-09-23,11.31,type1
Ilona,2024-09-24,31.32,type1
Ilona,2024-09-25,8.7,type1
Ilona,2024-09-26,11.31,type1
Ilona,2024-09-27,6.09,type1
Ilona,2024-09-28,9.57,type1
Ilona,2024-09-29,81.78,type1
Ilona,2024-09-30,22.62,type1
Irvine,2024-09-01,42.63,type1
Irvine,2024-09-02,29.58,type1
Irvine,2024-09-03,13.05,type1
Irvine,2024-09-04,16.53,type1
Irvine,2024-09-05,18.27,type1
Irvine,2024-09-06,15.66,type1
Irvine,2024-09-07,22.62,type1
Irvine,2024-09-08,29.58,type1
Irvine,2024-09-09,46.11,type1
Irvine,2024-09-10,27.84,type1
Irvine,2024-09-11,9.57,type1
Irvine,2024-09-12,29.58,type1
Irvine,2024-09-13,35.67,type1
Irvine,2024-09-14,6.09,type1
Irvine,2024-09-15,9.57,type1
Irvine,2024-09-16,40.89,type1
Irvine,2024-09-17,6.96,type1
Irvine,2024-09-18,39.15,type1
Irvine,2024-09-19,24.36,type1
Irvine,2024-09-20,20.88,type1
Irvine,2024-09-21,27.84,type1
Irvine,2024-09-22,35.67,type1
Irvine,2024-09-23,19.14,type1
Irvine,2024-09-24,38.28,type1
Irvine,2024-09-25,6.09,type1
Irvine,2024-09-26,20.01,type1
Irvine,2024-09-27,5.22,type1
Irvine,2024-09-28,22.62,type1
Irvine,2024-09-29,24.36,type1
Irvine,2024-09-30,33.06,type1
Jolan,2024-09-01,22.62,type1
Jolan,2024-09-02,20.01,type1
Jolan,2024-09-03,3.48,type1
Jolan,2024-09-04,4.35,type1
Jolan,2024-09-05,23.49,type1
Jolan,2024-09-06,23.49,type1
Jolan,2024-09-07,6.09,type1
Jolan,2024-09-08,38.28,type1
Jolan,2024-09-09,20.88,type1
Jolan,2024-09-10,30.45,type1
Jolan,2024-09-11,26.97,type1
Jolan,2024-09-12,9.57,type1
Jolan,2024-09-13,15.66,type1
Jolan,2024-09-14,9.57,type1
Jolan,2024-09-15,20.01,type1
Jolan,2024-09-16,9.57,type1
Jolan,2024-09-17,13.92,type1
Jolan,2024-09-18,19.14,type1
Jolan,2024-09-19,9.57,type1
Jolan,2024-09-20,24.36,type1
Jolan,2024-09-21,41.76,type1
Jolan,2024-09-22,30.45,type1
Jolan,2024-09-23,0.0,type1
Jolan,2024-09-24,22.62,type1
Jolan,2024-09-25,34.8,type1
Jolan,2024-09-26,10.44,type1
Jolan,2024-09-27,14.79,type1
Jolan,2024-09-28,48.72,type1
Jolan,2024-09-29,26.97,type1
Jolan,2024-09-30,5.22,type1
Joris,2024-09-01,31.32,type1
Joris,2024-09-02,0.0,type1
Joris,2024-09-03,13.05,type1
Joris,2024-09-04,17.4,type1
Joris,2024-09-05,12.18,type1
Joris,2024-09-06,18.27,type1
Joris,2024-09-07,1.74,type1
Joris,2024-09-08,40.02,type1
Joris,2024-09-09,26.97,type1
Joris,2024-09-10,23.49,type1
Joris,2024-09-11,13.92,type1
Joris,2024-09-12,55.68,type1
Joris,2024-09-13,30.45,type1
Joris,2024-09-14,57.42,type1
Joris,2024-09-15,36.54,type1
Joris,2024-09-16,27.84,type1
Joris,2024-09-17,7.83,type1
Joris,2024-09-18,30.45,type1
Joris,2024-09-19,16.53,type1
Joris,2024-09-20,31.32,type1
Joris,2024-09-21,10.44,type1
Joris,2024-09-22,33.06,type1
Joris,2024-09-23,13.92,type1
Joris,2024-09-24,39.15,type1
Joris,2024-09-25,55.68,type1
Joris,2024-09-26,19.14,type1
Joris,2024-09-27,29.58,type1
Joris,2024-09-28,30.45,type1
Joris,2024-09-29,33.93,type1
Joris,2024-09-30,6.09,type1
Kylian,2024-09-01,16.53,type1
Kylian,2024-09-02,27.84,type1
Kylian,2024-09-03,21.75,type1
Kylian,2024-09-04,12.18,type1
Kylian,2024-09-05,32.19,type1
Kylian,2024-09-06,14.79,type1
Kylian,2024-09-07,6.09,type1
Kylian,2024-09-08,63.51,type1
Kylian,2024-09-09,27.84,type1
Kylian,2024-09-10,13.05,type1
Kylian,2024-09-11,26.1,type1
Kylian,2024-09-12,35.67,type1
Kylian,2024-09-13,29.58,type1
Kylian,2024-09-14,78.3,type1
Kylian,2024-09-15,28.71,type1
Kylian,2024-09-16,21.75,type1
Kylian,2024-09-17,27.84,type1
Kylian,2024-09-18,3.48,type1
Kylian,2024-09-19,13.92,type1
Kylian,2024-09-20,28.71,type1
Kylian,2024-09-21,33.93,type1
Kylian,2024-09-22,41.76,type1
Kylian,2024-09-23,40.02,type1
Kylian,2024-09-24,60.9,type1
Kylian,2024-09-25,11.31,type1
Kylian,2024-09-26,26.1,type1
Kylian,2024-09-27,19.14,type1
Kylian,2024-09-28,15.66,type1
Kylian,2024-09-29,3.48,type1
Kylian,2024-09-30,29.58,type1
Lucas,2024-09-01,7.83,type1
Lucas,2024-09-02,1.74,type1
Lucas,2024-09-03,6.09,type1
Lucas,2024-09-04,20.01,type1
Lucas,2024-09-05,18.27,type1
Lucas,2024-09-06,49.59,type1
Lucas,2024-09-07,29.58,type1
Lucas,2024-09-08,41.76,type1
Lucas,2024-09-09,20.01,type1
Lucas,2024-09-10,50.46,type1
Lucas,2024-09-11,15.66,type1
Lucas,2024-09-12,23.49,type1
Lucas,2024-09-13,26.1,type1
Lucas,2024-09-14,26.1,type1
Lucas,2024-09-15,34.8,type1
Lucas,2024-09-16,24.36,type1
Lucas,2024-09-17,18.27,type1
Lucas,2024-09-18,14.79,type1
Lucas,2024-09-19,24.36,type1
Lucas,2024-09-20,55.68,type1
Lucas,2024-09-21,32.19,type1
Lucas,2024-09-22,32.19,type1
Lucas,2024-09-23,8.7,type1
Lucas,2024-09-24,13.92,type1
Lucas,2024-09-25,20.88,type1
Lucas,2024-09-26,55.68,type1
Lucas,2024-09-27,29.58,type1
Lucas,2024-09-28,36.54,type1
Lucas,2024-09-29,22.62,type1
Lucas,2024-09-30,13.05,type1
Magomed,2024-09-01,58.29,type1
Magomed,2024-09-02,40.02,type1
Magomed,2024-09-03,19.14,type1
Magomed,2024-09-04,17.4,type1
Magomed,2024-09-05,28.71,type1
Magomed,2024-09-06,11.31,type1
Magomed,2024-09-07,25.23,type1
Magomed,2024-09-08,40.89,type1
Magomed,2024-09-09,19.14,type1
Magomed,2024-09-10,13.05,type1
Magomed,2024-09-11,14.79,type1
Magomed,2024-09-12,21.75,type1
Magomed,2024-09-13,29.58,type1
Magomed,2024-09-14,40.02,type1
Magomed,2024-09-15,46.98,type1
Magomed,2024-09-16,23.49,type1
Magomed,2024-09-17,28.71,type1
Magomed,2024-09-18,30.45,type1
Magomed,2024-09-19,58.29,type1
Magomed,2024-09-20,25.23,type1
Magomed,2024-09-21,29.58,type1
Magomed,2024-09-22,14.79,type1
Magomed,2024-09-23,2.61,type1
Magomed,2024-09-24,42.63,type1
Magomed,2024-09-25,26.97,type1
Magomed,2024-09-26,21.75,type1
Magomed,2024-09-27,33.06,type1
Magomed,2024-09-28,28.71,type1
Magomed,2024-09-29,8.7,type1
Magomed,2024-09-30,6.09,type1
Majuran,2024-09-01,40.02,type1
Majuran,2024-09-02,21.75,type1
Majuran,2024-09-03,21.75,type1
Majuran,2024-09-04,3.48,type1
Majuran,2024-09-05,20.01,type1
Majuran,2024-09-06,12.18,type1
Majuran,2024-09-07,17.4,type1
Majuran,2024-09-08,22.62,type1
Majuran,2024-09-09,20.88,type1
Majuran,2024-09-10,20.01,type1
Majuran,2024-09-11,33.93,type1
Majuran,2024-09-12,26.97,type1
Majuran,2024-09-13,23.49,type1
Majuran,2024-09-14,74.82,type1
Majuran,2024-09-15,30.45,type1
Majuran,2024-09-16,16.53,type1
Majuran,2024-09-17,17.4,type1
Majuran,2024-09-18,34.8,type1
Majuran,2024-09-19,34.8,type1
Majuran,2024-09-20,26.1,type1
Majuran,2024-09-21,19.14,type1
Majuran,2024-09-22,9.57,type1
Majuran,2024-09-23,25.23,type1
Majuran,2024-09-24,9.57,type1
Majuran,2024-09-25,24.36,type1
Majuran,2024-09-26,27.84,type1
Majuran,2024-09-27,18.27,type1
Majuran,2024-09-28,15.66,type1
Majuran,2024-09-29,33.06,type1
Majuran,2024-09-30,37.41,type1
Malik,2024-09-01,49.59,type1
Malik,2024-09-02,6.09,type1
Malik,2024-09-03,22.62,type1
Malik,2024-09-04,5.22,type1
Malik,2024-09-05,13.92,type1
Malik,2024-09-06,20.01,type1
Malik,2024-09-07,63.51,type1
Malik,2024-09-08,11.31,type1
Malik,2024-09-09,20.88,type1
Malik,2024-09-10,20.88,type1
Malik,2024-09-11,29.58,type1
Malik,2024-09-12,2.61,type1
Malik,2024-09-13,42.63,type1
Malik,2024-09-14,26.97,type1
Malik,2024-09-15,19.14,type1
Malik,2024-09-16,58.29,type1
Malik,2024-09-17,29.58,type1
Malik,2024-09-18,21.75,type1
Malik,2024-09-19,26.1,type1
Malik,2024-09-20,28.71,type1
Malik,2024-09-21,36.54,type1
Malik,2024-09-22,36.54,type1
Malik,2024-09-23,14.79,type1
Malik,2024-09-24,9.57,type1
Malik,2024-09-25,12.18,type1
Malik,2024-09-26,43.5,type1
Malik,2024-09-27,21.75,type1
Malik,2024-09-28,45.24,type1
Malik,2024-09-29,23.49,type1
Malik,2024-09-30,29.58,type1
Marwane,2024-09-01,8.7,type1
Marwane,2024-09-02,21.75,type1
Marwane,2024-09-03,22.62,type1
Marwane,2024-09-04,19.14,type1
Marwane,2024-09-05,10.44,type1
Marwane,2024-09-06,29.58,type1
Marwane,2024-09-07,22.62,type1
Marwane,2024-09-08,20.01,type1
Marwane,2024-09-09,7.83,type1
Marwane,2024-09-10,9.57,type1
Marwane,2024-09-11,32.19,type1
Marwane,2024-09-12,16.53,type1
Marwane,2024-09-13,46.11,type1
Marwane,2024-09-14,31.32,type1
Marwane,2024-09-15,73.95,type1
Marwane,2024-09-16,26.97,type1
Marwane,2024-09-17,11.31,type1
Marwane,2024-09-18,10.44,type1
Marwane,2024-09-19,15.66,type1
Marwane,2024-09-20,18.27,type1
Marwane,2024-09-21,8.7,type1
Marwane,2024-09-22,14.79,type1
Marwane,2024-09-23,26.1,type1
Marwane,2024-09-24,59.16,type1
Marwane,2024-09-25,20.01,type1
Marwane,2024-09-26,12.18,type1
Marwane,2024-09-27,22.62,type1
Marwane,2024-09-28,26.97,type1
Marwane,2024-09-29,33.06,type1
Marwane,2024-09-30,27.84,type1
Mathis,2024-09-01,33.93,type1
Mathis,2024-09-02,25.23,type1
Mathis,2024-09-03,2.61,type1
Mathis,2024-09-04,27.84,type1
Mathis,2024-09-05,28.71,type1
Mathis,2024-09-06,37.41,type1
Mathis,2024-09-07,30.45,type1
Mathis,2024-09-08,27.84,type1
Mathis,2024-09-09,27.84,type1
Mathis,2024-09-10,48.72,type1
Mathis,2024-09-11,25.23,type1
Mathis,2024-09-12,15.66,type1
Mathis,2024-09-13,29.58,type1
Mathis,2024-09-14,26.1,type1
Mathis,2024-09-15,25.23,type1
Mathis,2024-09-16,16.53,type1
Mathis,2024-09-17,6.96,type1
Mathis,2024-09-18,30.45,type1
Mathis,2024-09-19,25.23,type1
Mathis,2024-09-20,61.77,type1
Mathis,2024-09-21,26.1,type1
Mathis,2024-09-22,9.57,type1
Mathis,2024-09-23,5.22,type1
Mathis,2024-09-24,27.84,type1
Mathis,2024-09-25,33.06,type1
Mathis,2024-09-26,13.05,type1
Mathis,2024-09-27,28.71,type1
Mathis,2024-09-28,31.32,type1
Mathis,2024-09-29,40.89,type1
Mathis,2024-09-30,30.45,type1
Mattéo,2024-09-01,14.79,type1
Mattéo,2024-09-02,30.45,type1
Mattéo,2024-09-03,34.8,type1
Mattéo,2024-09-04,20.01,type1
Mattéo,2024-09-05,12.18,type1
Mattéo,2024-09-06,22.62,type1
Mattéo,2024-09-07,28.71,type1
Mattéo,2024-09-08,41.76,type1
Mattéo,2024-09-09,20.01,type1
Mattéo,2024-09-10,47.85,type1
Mattéo,2024-09-11,1.74,type1
Mattéo,2024-09-12,11.31,type1
Mattéo,2024-09-13,24.36,type1
Mattéo,2024-09-14,31.32,type1
Mattéo,2024-09-15,27.84,type1
Mattéo,2024-09-16,22.62,type1
Mattéo,2024-09-17,21.75,type1
Mattéo,2024-09-18,23.49,type1
Mattéo,2024-09-19,46.98,type1
Mattéo,2024-09-20,24.36,type1
Mattéo,2024-09-21,30.45,type1
Mattéo,2024-09-22,20.88,type1
Mattéo,2024-09-23,30.45,type1
Mattéo,2024-09-24,20.01,type1
Mattéo,2024-09-25,24.36,type1
Mattéo,2024-09-26,25.23,type1
Mattéo,2024-09-27,25.23,type1
Mattéo,2024-09-28,34.8,type1
Mattéo,2024-09-29,83.52,type1
Mattéo,2024-09-30,30.45,type1
Maxime,2024-09-01,25.23,type1
Maxime,2024-09-02,26.97,type1
Maxime,2024-09-03,4.35,type1
Maxime,2024-09-04,19.14,type1
Maxime,2024-09-05,15.66,type1
Maxime,2024-09-06,28.71,type1
Maxime,2024-09-07,8.7,type1
Maxime,2024-09-08,37.41,type1
Maxime,2024-09-09,17.4,type1
Maxime,2024-09-10,33.06,type1
Maxime,2024-09-11,20.01,type1
Maxime,2024-09-12,2.61,type1
Maxime,2024-09-13,9.57,type1
Maxime,2024-09-14,27.84,type1
Maxime,2024-09-15,9.57,type1
Maxime,2024-09-16,22.62,type1
Maxime,2024-09-17,5.22,type1
Maxime,2024-09-18,29.58,type1
Maxime,2024-09-19,26.97,type1
Maxime,2024-09-20,29.58,type1
Maxime,2024-09-21,33.93,type1
Maxime,2024-09-22,6.09,type1
Maxime,2024-09-23,27.84,type1
Maxime,2024-09-24,53.94,type1
Maxime,2024-09-25,9.57,type1
Maxime,2024-09-26,45.24,type1
Maxime,2024-09-27,27.84,type1
Maxime,2024-09-28,69.6,type1
Maxime,2024-09-29,23.49,type1
Maxime,2024-09-30,20.88,type1
Maélyss,2024-09-01,15.66,type1
Maélyss,2024-09-02,19.14,type1
Maélyss,2024-09-03,26.1,type1
Maélyss,2024-09-04,30.45,type1
Maélyss,2024-09-05,46.98,type1
Maélyss,2024-09-06,14.79,type1
Maélyss,2024-09-07,26.97,type1
Maélyss,2024-09-08,57.42,type1
Maélyss,2024-09-09,13.92,type1
Maélyss,2024-09-10,21.75,type1
Maélyss,2024-09-11,15.66,type1
Maélyss,2024-09-12,39.15,type1
Maélyss,2024-09-13,6.09,type1
Maélyss,2024-09-14,68.73,type1
Maélyss,2024-09-15,50.46,type1
Maélyss,2024-09-16,22.62,type1
Maélyss,2024-09-17,31.32,type1
Maélyss,2024-09-18,19.14,type1
Maélyss,2024-09-19,23.49,type1
Maélyss,2024-09-20,20.88,type1
Maélyss,2024-09-21,33.06,type1
Maélyss,2024-09-22,26.1,type1
Maélyss,2024-09-23,20.01,type1
Maélyss,2024-09-24,24.36,type1
Maélyss,2024-09-25,23.49,type1
Maélyss,2024-09-26,24.36,type1
Maélyss,2024-09-27,0.87,type1
Maélyss,2024-09-28,26.1,type1
Maélyss,2024-09-29,25.23,type1
Maélyss,2024-09-30,10.44,type1
Maïawella,2024-09-01,7.83,type1
Maïawella,2024-09-02,25.23,type1
Maïawella,2024-09-03,37.41,type1
Maïawella,2024-09-04,13.92,type1
Maïawella,2024-09-05,50.46,type1
Maïawella,2024-09-06,20.01,type1
Maïawella,2024-09-07,37.41,type1
Maïawella,2024-09-08,46.98,type1
Maïawella,2024-09-09,26.1,type1
Maïawella,2024-09-10,30.45,type1
Maïawella,2024-09-11,27.84,type1
Maïawella,2024-09-12,50.46,type1
Maïawella,2024-09-13,26.97,type1
Maïawella,2024-09-14,26.1,type1
Maïawella,2024-09-15,34.8,type1
Maïawella,2024-09-16,26.97,type1
Maïawella,2024-09-17,15.66,type1
Maïawella,2024-09-18,16.53,type1
Maïawella,2024-09-19,50.46,type1
Maïawella,2024-09-20,59.16,type1
Maïawella,2024-09-21,44.37,type1
Maïawella,2024-09-22,30.45,type1
Maïawella,2024-09-23,52.2,type1
Maïawella,2024-09-24,17.4,type1
Maïawella,2024-09-25,14.79,type1
Maïawella,2024-09-26,28.71,type1
Maïawella,2024-09-27,60.03,type1
Maïawella,2024-09-28,21.75,type1
Maïawella,2024-09-29,6.09,type1
Maïawella,2024-09-30,2.61,type1
Mohamed,2024-09-01,18.27,type1
Mohamed,2024-09-02,0.0,type1
Mohamed,2024-09-03,25.23,type1
Mohamed,2024-09-04,30.45,type1
Mohamed,2024-09-05,18.27,type1
Mohamed,2024-09-06,25.23,type1
Mohamed,2024-09-07,13.05,type1
Mohamed,2024-09-08,26.1,type1
Mohamed,2024-09-09,27.84,type1
Mohamed,2024-09-10,18.27,type1
Mohamed,2024-09-11,8.7,type1
Mohamed,2024-09-12,11.31,type1
Mohamed,2024-09-13,30.45,type1
Mohamed,2024-09-14,35.67,type1
Mohamed,2024-09-15,32.19,type1
Mohamed,2024-09-16,20.01,type1
Mohamed,2024-09-17,26.97,type1
Mohamed,2024-09-18,16.53,type1
Mohamed,2024-09-19,11.31,type1
Mohamed,2024-09-20,25.23,type1
Mohamed,2024-09-21,70.47,type1
Mohamed,2024-09-22,57.42,type1
Mohamed,2024-09-23,8.7,type1
Mohamed,2024-09-24,28.71,type1
Mohamed,2024-09-25,15.66,type1
Mohamed,2024-09-26,40.89,type1
Mohamed,2024-09-27,20.01,type1
Mohamed,2024-09-28,33.93,type1
Mohamed,2024-09-29,2.61,type1
Mohamed,2024-09-30,26.1,type1
Mohamed Amine,2024-09-01,37.41,type1
Mohamed Amine,2024-09-02,11.31,type1
Mohamed Amine,2024-09-03,47.85,type1
Mohamed Amine,2024-09-04,24.36,type1
Mohamed Amine,2024-09-05,44.37,type1
Mohamed Amine,2024-09-06,21.75,type1
Mohamed Amine,2024-09-07,66.99,type1
Mohamed Amine,2024-09-08,15.66,type1
Mohamed Amine,2024-09-09,11.31,type1
Mohamed Amine,2024-09-10,1.74,type1
Mohamed Amine,2024-09-11,4.35,type1
Mohamed Amine,2024-09-12,25.23,type1
Mohamed Amine,2024-09-13,25.23,type1
Mohamed Amine,2024-09-14,2.61,type1
Mohamed Amine,2024-09-15,26.97,type1
Mohamed Amine,2024-09-16,6.09,type1
Mohamed Amine,2024-09-17,20.88,type1
Mohamed Amine,2024-09-18,19.14,type1
Mohamed Amine,2024-09-19,21.75,type1
Mohamed Amine,2024-09-20,8.7,type1
Mohamed Amine,2024-09-21,33.93,type1
Mohamed Amine,2024-09-22,46.11,type1
Mohamed Amine,2024-09-23,37.41,type1
Mohamed Amine,2024-09-24,4.35,type1
Mohamed Amine,2024-09-25,21.75,type1
Mohamed Amine,2024-09-26,12.18,type1
Mohamed Amine,2024-09-27,60.03,type1
Mohamed Amine,2024-09-28,28.71,type1
Mohamed Amine,2024-09-29,33.06,type1
Mohamed Amine,2024-09-30,14.79,type1
Morad,2024-09-01,53.94,type1
Morad,2024-09-02,25.23,type1
Morad,2024-09-03,40.02,type1
Morad,2024-09-04,17.4,type1
Morad,2024-09-05,43.5,type1
Morad,2024-09-06,39.15,type1
Morad,2024-09-07,31.32,type1
Morad,2024-09-08,34.8,type1
Morad,2024-09-09,9.57,type1
Morad,2024-09-10,4.35,type1
Morad,2024-09-11,33.93,type1
Morad,2024-09-12,52.2,type1
Morad,2024-09-13,10.44,type1
Morad,2024-09-14,43.5,type1
Morad,2024-09-15,37.41,type1
Morad,2024-09-16,30.45,type1
Morad,2024-09-17,20.88,type1
Morad,2024-09-18,6.09,type1
Morad,2024-09-19,12.18,type1
Morad,2024-09-20,18.27,type1
Morad,2024-09-21,34.8,type1
Morad,2024-09-22,42.63,type1
Morad,2024-09-23,27.84,type1
Morad,2024-09-24,11.31,type1
Morad,2024-09-25,26.97,type1
Morad,2024-09-26,25.23,type1
Morad,2024-09-27,9.57,type1
Morad,2024-09-28,36.54,type1
Morad,2024-09-29,49.59,type1
Morad,2024-09-30,6.96,type1
Murat,2024-09-01,33.06,type1
Murat,2024-09-02,6.09,type1
Murat,2024-09-03,5.22,type1
Murat,2024-09-04,46.11,type1
Murat,2024-09-05,9.57,type1
Murat,2024-09-06,15.66,type1
Murat,2024-09-07,42.63,type1
Murat,2024-09-08,3.48,type1
Murat,2024-09-09,29.58,type1
Murat,2024-09-10,27.84,type1
Murat,2024-09-11,39.15,type1
Murat,2024-09-12,19.14,type1
Murat,2024-09-13,5.22,type1
Murat,2024-09-14,15.66,type1
Murat,2024-09-15,57.42,type1
Murat,2024-09-16,9.57,type1
Murat,2024-09-17,26.1,type1
Murat,2024-09-18,59.16,type1
Murat,2024-09-19,24.36,type1
Murat,2024-09-20,19.14,type1
Murat,2024-09-21,30.45,type1
Murat,2024-09-22,60.03,type1
Murat,2024-09-23,46.98,type1
Murat,2024-09-24,20.01,type1
Murat,2024-09-25,15.66,type1
Murat,2024-09-26,21.75,type1
Murat,2024-09-27,26.97,type1
Murat,2024-09-28,20.88,type1
Murat,2024-09-29,24.36,type1
Murat,2024-09-30,27.84,type1
Nathan,2024-09-01,34.8,type1
Nathan,2024-09-02,47.85,type1
Nathan,2024-09-03,18.27,type1
Nathan,2024-09-04,11.31,type1
Nathan,2024-09-05,1.74,type1
Nathan,2024-09-06,28.71,type1
Nathan,2024-09-07,13.05,type1
Nathan,2024-09-08,2.61,type1
Nathan,2024-09-09,20.01,type1
Nathan,2024-09-10,26.1,type1
Nathan,2024-09-11,25.23,type1
Nathan,2024-09-12,50.46,type1
Nathan,2024-09-13,18.27,type1
Nathan,2024-09-14,37.41,type1
Nathan,2024-09-15,49.59,type1
Nathan,2024-09-16,19.14,type1
Nathan,2024-09-17,12.18,type1
Nathan,2024-09-18,20.88,type1
Nathan,2024-09-19,53.94,type1
Nathan,2024-09-20,6.96,type1
Nathan,2024-09-21,8.7,type1
Nathan,2024-09-22,27.84,type1
Nathan,2024-09-23,61.77,type1
Nathan,2024-09-24,7.83,type1
Nathan,2024-09-25,38.28,type1
Nathan,2024-09-26,9.57,type1
Nathan,2024-09-27,6.96,type1
Nathan,2024-09-28,45.24,type1
Nathan,2024-09-29,11.31,type1
Nathan,2024-09-30,60.03,type1
Naïck,2024-09-01,11.31,type1
Naïck,2024-09-02,17.4,type1
Naïck,2024-09-03,36.54,type1
Naïck,2024-09-04,8.7,type1
Naïck,2024-09-05,20.88,type1
Naïck,2024-09-06,30.45,type1
Naïck,2024-09-07,73.95,type1
Naïck,2024-09-08,20.88,type1
Naïck,2024-09-09,26.97,type1
Naïck,2024-09-10,11.31,type1
Naïck,2024-09-11,23.49,type1
Naïck,2024-09-12,11.31,type1
Naïck,2024-09-13,28.71,type1
Naïck,2024-09-14,18.27,type1
Naïck,2024-09-15,20.88,type1
Naïck,2024-09-16,23.49,type1
Naïck,2024-09-17,13.05,type1
Naïck,2024-09-18,20.88,type1
Naïck,2024-09-19,0.0,type1
Naïck,2024-09-20,15.66,type1
Naïck,2024-09-21,23.49,type1
Naïck,2024-09-22,44.37,type1
Naïck,2024-09-23,26.97,type1
Naïck,2024-09-24,19.14,type1
Naïck,2024-09-25,24.36,type1
Naïck,2024-09-26,24.36,type1
Naïck,2024-09-27,23.49,type1
Naïck,2024-09-28,44.37,type1
Naïck,2024-09-29,56.55,type1
Naïck,2024-09-30,55.68,type1
Nicolas,2024-09-01,28.71,type1
Nicolas,2024-09-02,48.72,type1
Nicolas,2024-09-03,31.32,type1
Nicolas,2024-09-04,28.71,type1
Nicolas,2024-09-05,26.1,type1
Nicolas,2024-09-06,8.7,type1
Nicolas,2024-09-07,13.92,type1
Nicolas,2024-09-08,8.7,type1
Nicolas,2024-09-09,6.96,type1
Nicolas,2024-09-10,16.53,type1
Nicolas,2024-09-11,26.1,type1
Nicolas,2024-09-12,21.75,type1
Nicolas,2024-09-13,33.06,type1
Nicolas,2024-09-14,13.92,type1
Nicolas,2024-09-15,6.09,type1
Nicolas,2024-09-16,20.01,type1
Nicolas,2024-09-17,20.01,type1
Nicolas,2024-09-18,15.66,type1
Nicolas,2024-09-19,60.03,type1
Nicolas,2024-09-20,13.92,type1
Nicolas,2024-09-21,24.36,type1
Nicolas,2024-09-22,69.6,type1
Nicolas,2024-09-23,18.27,type1
Nicolas,2024-09-24,53.94,type1
Nicolas,2024-09-25,30.45,type1
Nicolas,2024-09-26,23.49,type1
Nicolas,2024-09-27,27.84,type1
Nicolas,2024-09-28,24.36,type1
Nicolas,2024-09-29,13.05,type1
Nicolas,2024-09-30,26.97,type1
Noah,2024-09-01,21.75,type1
Noah,2024-09-02,56.55,type1
Noah,2024-09-03,21.75,type1
Noah,2024-09-04,11.31,type1
Noah,2024-09-05,19.14,type1
Noah,2024-09-06,23.49,type1
Noah,2024-09-07,24.36,type1
Noah,2024-09-08,51.33,type1
Noah,2024-09-09,28.71,type1
Noah,2024-09-10,14.79,type1
Noah,2024-09-11,5.22,type1
Noah,2024-09-12,9.57,type1
Noah,2024-09-13,18.27,type1
Noah,2024-09-14,26.97,type1
Noah,2024-09-15,11.31,type1
Noah,2024-09-16,17.4,type1
Noah,2024-09-17,26.97,type1
Noah,2024-09-18,27.84,type1
Noah,2024-09-19,20.01,type1
Noah,2024-09-20,41.76,type1
Noah,2024-09-21,10.44,type1
Noah,2024-09-22,38.28,type1
Noah,2024-09-23,12.18,type1
Noah,2024-09-24,43.5,type1
Noah,2024-09-25,34.8,type1
Noah,2024-09-26,18.27,type1
Noah,2024-09-27,49.59,type1
Noah,2024-09-28,24.36,type1
Noah,2024-09-29,18.27,type1
Noah,2024-09-30,11.31,type1
Nolan,2024-09-01,35.67,type1
Nolan,2024-09-02,46.11,type1
Nolan,2024-09-03,26.1,type1
Nolan,2024-09-04,23.49,type1
Nolan,2024-09-05,16.53,type1
Nolan,2024-09-06,25.23,type1
Nolan,2024-09-07,31.32,type1
Nolan,2024-09-08,61.77,type1
Nolan,2024-09-09,13.05,type1
Nolan,2024-09-10,12.18,type1
Nolan,2024-09-11,26.97,type1
Nolan,2024-09-12,29.58,type1
Nolan,2024-09-13,26.1,type1
Nolan,2024-09-14,39.15,type1
Nolan,2024-09-15,3.48,type1
Nolan,2024-09-16,6.09,type1
Nolan,2024-09-17,3.48,type1
Nolan,2024-09-18,29.58,type1
Nolan,2024-09-19,13.92,type1
Nolan,2024-09-20,21.75,type1
Nolan,2024-09-21,38.28,type1
Nolan,2024-09-22,47.85,type1
Nolan,2024-09-23,49.59,type1
Nolan,2024-09-24,24.36,type1
Nolan,2024-09-25,52.2,type1
Nolan,2024-09-26,53.07,type1
Nolan,2024-09-27,7.83,type1
Nolan,2024-09-28,30.45,type1
Nolan,2024-09-29,25.23,type1
Nolan,2024-09-30,8.7,type1
Nolhan,2024-09-01,38.28,type1
Nolhan,2024-09-02,28.71,type1
Nolhan,2024-09-03,7.83,type1
Nolhan,2024-09-04,22.62,type1
Nolhan,2024-09-05,60.03,type1
Nolhan,2024-09-06,0.87,type1
Nolhan,2024-09-07,27.84,type1
Nolhan,2024-09-08,6.09,type1
Nolhan,2024-09-09,33.93,type1
Nolhan,2024-09-10,19.14,type1
Nolhan,2024-09-11,17.4,type1
Nolhan,2024-09-12,8.7,type1
Nolhan,2024-09-13,5.22,type1
Nolhan,2024-09-14,5.22,type1
Nolhan,2024-09-15,22.62,type1
Nolhan,2024-09-16,3.48,type1
Nolhan,2024-09-17,12.18,type1
Nolhan,2024-09-18,52.2,type1
Nolhan,2024-09-19,26.1,type1
Nolhan,2024-09-20,20.88,type1
Nolhan,2024-09-21,67.86,type1
Nolhan,2024-09-22,31.32,type1
Nolhan,2024-09-23,11.31,type1
Nolhan,2024-09-24,54.81,type1
Nolhan,2024-09-25,21.75,type1
Nolhan,2024-09-26,33.93,type1
Nolhan,2024-09-27,20.01,type1
Nolhan,2024-09-28,13.05,type1
Nolhan,2024-09-29,14.79,type1
Nolhan,2024-09-30,26.1,type1
Okan,2024-09-01,38.28,type1
Okan,2024-09-02,7.83,type1
Okan,2024-09-03,2.61,type1
Okan,2024-09-04,17.4,type1
Okan,2024-09-05,15.66,type1
Okan,2024-09-06,17.4,type1
Okan,2024-09-07,6.96,type1
Okan,2024-09-08,40.02,type1
Okan,2024-09-09,5.22,type1
Okan,2024-09-10,24.36,type1
Okan,2024-09-11,14.79,type1
Okan,2024-09-12,46.98,type1
Okan,2024-09-13,24.36,type1
Okan,2024-09-14,35.67,type1
Okan,2024-09-15,5.22,type1
Okan,2024-09-16,33.06,type1
Okan,2024-09-17,20.01,type1
Okan,2024-09-18,24.36,type1
Okan,2024-09-19,26.1,type1
Okan,2024-09-20,10.44,type1
Okan,2024-09-21,4.35,type1
Okan,2024-09-22,42.63,type1
Okan,2024-09-23,51.33,type1
Okan,2024-09-24,53.07,type1
Okan,2024-09-25,19.14,type1
Okan,2024-09-26,21.75,type1
Okan,2024-09-27,1.74,type1
Okan,2024-09-28,9.57,type1
Okan,2024-09-29,40.02,type1
Okan,2024-09-30,7.83,type1
Paul,2024-09-01,42.63,type1
Paul,2024-09-02,62.64,type1
Paul,2024-09-03,19.14,type1
Paul,2024-09-04,14.79,type1
Paul,2024-09-05,8.7,type1
Paul,2024-09-06,10.44,type1
Paul,2024-09-07,27.84,type1
Paul,2024-09-08,10.44,type1
Paul,2024-09-09,15.66,type1
Paul,2024-09-10,1.74,type1
Paul,2024-09-11,33.93,type1
Paul,2024-09-12,17.4,type1
Paul,2024-09-13,26.97,type1
Paul,2024-09-14,0.0,type1
Paul,2024-09-15,5.22,type1
Paul,2024-09-16,9.57,type1
Paul,2024-09-17,20.88,type1
Paul,2024-09-18,28.71,type1
Paul,2024-09-19,20.01,type1
Paul,2024-09-20,9.57,type1
Paul,2024-09-21,6.09,type1
Paul,2024-09-22,12.18,type1
Paul,2024-09-23,25.23,type1
Paul,2024-09-24,21.75,type1
Paul,2024-09-25,26.97,type1
Paul,2024-09-26,26.97,type1
Paul,2024-09-27,28.71,type1
Paul,2024-09-28,0.0,type1
Paul,2024-09-29,13.05,type1
Paul,2024-09-30,30.45,type1
Pernelle,2024-09-01,18.27,type1
Pernelle,2024-09-02,20.01,type1
Pernelle,2024-09-03,18.27,type1
Pernelle,2024-09-04,56.55,type1
Pernelle,2024-09-05,57.42,type1
Pernelle,2024-09-06,15.66,type1
Pernelle,2024-09-07,8.7,type1
Pernelle,2024-09-08,29.58,type1
Pernelle,2024-09-09,30.45,type1
Pernelle,2024-09-10,18.27,type1
Pernelle,2024-09-11,28.71,type1
Pernelle,2024-09-12,30.45,type1
Pernelle,2024-09-13,5.22,type1
Pernelle,2024-09-14,22.62,type1
Pernelle,2024-09-15,52.2,type1
Pernelle,2024-09-16,26.97,type1
Pernelle,2024-09-17,23.49,type1
Pernelle,2024-09-18,52.2,type1
Pernelle,2024-09-19,23.49,type1
Pernelle,2024-09-20,20.88,type1
Pernelle,2024-09-21,14.79,type1
Pernelle,2024-09-22,26.97,type1
Pernelle,2024-09-23,8.7,type1
Pernelle,2024-09-24,25.23,type1
Pernelle,2024-09-25,48.72,type1
Pernelle,2024-09-26,55.68,type1
Pernelle,2024-09-27,59.16,type1
Pernelle,2024-09-28,34.8,type1
Pernelle,2024-09-29,10.44,type1
Pernelle,2024-09-30,17.4,type1
Quentin,2024-09-01,30.45,type1
Quentin,2024-09-02,23.49,type1
Quentin,2024-09-03,25.23,type1
Quentin,2024-09-04,58.29,type1
Quentin,2024-09-05,26.1,type1
Quentin,2024-09-06,60.9,type1
Quentin,2024-09-07,9.57,type1
Quentin,2024-09-08,28.71,type1
Quentin,2024-09-09,25.23,type1
Quentin,2024-09-10,13.05,type1
Quentin,2024-09-11,23.49,type1
Quentin,2024-09-12,20.88,type1
Quentin,2024-09-13,24.36,type1
Quentin,2024-09-14,5.22,type1
Quentin,2024-09-15,30.45,type1
Quentin,2024-09-16,31.32,type1
Quentin,2024-09-17,15.66,type1
Quentin,2024-09-18,50.46,type1
Quentin,2024-09-19,18.27,type1
Quentin,2024-09-20,26.1,type1
Quentin,2024-09-21,6.96,type1
Quentin,2024-09-22,23.49,type1
Quentin,2024-09-23,53.07,type1
Quentin,2024-09-24,4.35,type1
Quentin,2024-09-25,10.44,type1
Quentin,2024-09-26,53.07,type1
Quentin,2024-09-27,14.79,type1
Quentin,2024-09-28,15.66,type1
Quentin,2024-09-29,18.27,type1
Quentin,2024-09-30,13.05,type1
Raphael,2024-09-01,33.06,type1
Raphael,2024-09-02,29.58,type1
Raphael,2024-09-03,53.07,type1
Raphael,2024-09-04,7.83,type1
Raphael,2024-09-05,7.83,type1
Raphael,2024-09-06,18.27,type1
Raphael,2024-09-07,7.83,type1
Raphael,2024-09-08,10.44,type1
Raphael,2024-09-09,24.36,type1
Raphael,2024-09-10,14.79,type1
Raphael,2024-09-11,14.79,type1
Raphael,2024-09-12,17.4,type1
Raphael,2024-09-13,19.14,type1
Raphael,2024-09-14,28.71,type1
Raphael,2024-09-15,4.35,type1
Raphael,2024-09-16,15.66,type1
Raphael,2024-09-17,56.55,type1
Raphael,2024-09-18,13.05,type1
Raphael,2024-09-19,6.96,type1
Raphael,2024-09-20,20.01,type1
Raphael,2024-09-21,29.58,type1
Raphael,2024-09-22,5.22,type1
Raphael,2024-09-23,42.63,type1
Raphael,2024-09-24,21.75,type1
Raphael,2024-09-25,6.09,type1
Raphael,2024-09-26,56.55,type1
Raphael,2024-09-27,42.63,type1
Raphael,2024-09-28,33.93,type1
Raphael,2024-09-29,38.28,type1
Raphael,2024-09-30,15.66,type1
River,2024-09-01,6.96,type1
River,2024-09-02,29.58,type1
River,2024-09-03,24.36,type1
River,2024-09-04,59.16,type1
River,2024-09-05,28.71,type1
River,2024-09-06,41.76,type1
River,2024-09-07,20.88,type1
River,2024-09-08,18.27,type1
River,2024-09-09,16.53,type1
River,2024-09-10,7.83,type1
River,2024-09-11,16.53,type1
River,2024-09-12,24.36,type1
River,2024-09-13,29.58,type1
River,2024-09-14,26.97,type1
River,2024-09-15,26.97,type1
River,2024-09-16,54.81,type1
River,2024-09-17,52.2,type1
River,2024-09-18,24.36,type1
River,2024-09-19,18.27,type1
River,2024-09-20,60.03,type1
River,2024-09-21,72.21,type1
River,2024-09-22,28.71,type1
River,2024-09-23,61.77,type1
River,2024-09-24,17.4,type1
River,2024-09-25,28.71,type1
River,2024-09-26,28.71,type1
River,2024-09-27,23.49,type1
River,2024-09-28,53.94,type1
River,2024-09-29,20.01,type1
River,2024-09-30,25.23,type1
Robin,2024-09-01,15.66,type1
Robin,2024-09-02,22.62,type1
Robin,2024-09-03,56.55,type1
Robin,2024-09-04,26.97,type1
Robin,2024-09-05,24.36,type1
Robin,2024-09-06,6.96,type1
Robin,2024-09-07,27.84,type1
Robin,2024-09-08,26.97,type1
Robin,2024-09-09,23.49,type1
Robin,2024-09-10,40.02,type1
Robin,2024-09-11,28.71,type1
Robin,2024-09-12,26.97,type1
Robin,2024-09-13,6.09,type1
Robin,2024-09-14,53.94,type1
Robin,2024-09-15,32.19,type1
Robin,2024-09-16,7.83,type1
Robin,2024-09-17,5.22,type1
Robin,2024-09-18,5.22,type1
Robin,2024-09-19,20.88,type1
Robin,2024-09-20,4.35,type1
Robin,2024-09-21,0.0,type1
Robin,2024-09-22,31.32,type1
Robin,2024-09-23,26.1,type1
Robin,2024-09-24,31.32,type1
Robin,2024-09-25,16.53,type1
Robin,2024-09-26,17.4,type1
Robin,2024-09-27,9.57,type1
Robin,2024-09-28,33.06,type1
Robin,2024-09-29,66.99,type1
Robin,2024-09-30,52.2,type1
Sileye,2024-09-01,6.09,type1
Sileye,2024-09-02,25.23,type1
Sileye,2024-09-03,6.09,type1
Sileye,2024-09-04,21.75,type1
Sileye,2024-09-05,3.48,type1
Sileye,2024-09-06,14.79,type1
Sileye,2024-09-07,37.41,type1
Sileye,2024-09-08,0.87,type1
Sileye,2024-09-09,46.11,type1
Sileye,2024-09-10,26.1,type1
Sileye,2024-09-11,30.45,type1
Sileye,2024-09-12,5.22,type1
Sileye,2024-09-13,23.49,type1
Sileye,2024-09-14,17.4,type1
Sileye,2024-09-15,20.88,type1
Sileye,2024-09-16,50.46,type1
Sileye,2024-09-17,21.75,type1
Sileye,2024-09-18,27.84,type1
Sileye,2024-09-19,13.05,type1
Sileye,2024-09-20,21.75,type1
Sileye,2024-09-21,27.84,type1
Sileye,2024-09-22,79.17,type1
Sileye,2024-09-23,30.45,type1
Sileye,2024-09-24,15.66,type1
Sileye,2024-09-25,38.28,type1
Sileye,2024-09-26,26.97,type1
Sileye,2024-09-27,26.97,type1
Sileye,2024-09-28,33.93,type1
Sileye,2024-09-29,24.36,type1
Sileye,2024-09-30,26.1,type1
Steven,2024-09-01,25.23,type1
Steven,2024-09-02,18.27,type1
Steven,2024-09-03,9.57,type1
Steven,2024-09-04,10.44,type1
Steven,2024-09-05,30.45,type1
Steven,2024-09-06,39.15,type1
Steven,2024-09-07,40.02,type1
Steven,2024-09-08,26.1,type1
Steven,2024-09-09,35.67,type1
Steven,2024-09-10,20.01,type1
Steven,2024-09-11,15.66,type1
Steven,2024-09-12,20.88,type1
Steven,2024-09-13,41.76,type1
Steven,2024-09-14,83.52,type1
Steven,2024-09-15,11.31,type1
Steven,2024-09-16,30.45,type1
Steven,2024-09-17,26.1,type1
Steven,2024-09-18,25.23,type1
Steven,2024-09-19,28.71,type1
Steven,2024-09-20,23.49,type1
Steven,2024-09-21,60.03,type1
Steven,2024-09-22,18.27,type1
Steven,2024-09-23,21.75,type1
Steven,2024-09-24,38.28,type1
Steven,2024-09-25,20.88,type1
Steven,2024-09-26,8.7,type1
Steven,2024-09-27,24.36,type1
Steven,2024-09-28,36.54,type1
Steven,2024-09-29,13.05,type1
Steven,2024-09-30,33.93,type1
Sébastien,2024-09-01,58.29,type1
Sébastien,2024-09-02,24.36,type1
Sébastien,2024-09-03,18.27,type1
Sébastien,2024-09-04,30.45,type1
Sébastien,2024-09-05,30.45,type1
Sébastien,2024-09-06,26.1,type1
Sébastien,2024-09-07,73.95,type1
Sébastien,2024-09-08,35.67,type1
Sébastien,2024-09-09,5.22,type1
Sébastien,2024-09-10,21.75,type1
Sébastien,2024-09-11,30.45,type1
Sébastien,2024-09-12,60.03,type1
Sébastien,2024-09-13,3.48,type1
Sébastien,2024-09-14,33.06,type1
Sébastien,2024-09-15,66.12,type1
Sébastien,2024-09-16,28.71,type1
Sébastien,2024-09-17,29.58,type1
Sébastien,2024-09-18,20.88,type1
Sébastien,2024-09-19,26.97,type1
Sébastien,2024-09-20,29.58,type1
Sébastien,2024-09-21,22.62,type1
Sébastien,2024-09-22,16.53,type1
Sébastien,2024-09-23,21.75,type1
Sébastien,2024-09-24,26.1,type1
Sébastien,2024-09-25,30.45,type1
Sébastien,2024-09-26,24.36,type1
Sébastien,2024-09-27,53.07,type1
Sébastien,2024-09-28,12.18,type1
Sébastien,2024-09-29,34.8,type1
Sébastien,2024-09-30,33.93,type1
Thiery,2024-09-01,24.36,type1
Thiery,2024-09-02,7.83,type1
Thiery,2024-09-03,0.87,type1
Thiery,2024-09-04,8.7,type1
Thiery,2024-09-05,25.23,type1
Thiery,2024-09-06,30.45,type1
Thiery,2024-09-07,23.49,type1
Thiery,2024-09-08,7.83,type1
Thiery,2024-09-09,28.71,type1
Thiery,2024-09-10,22.62,type1
Thiery,2024-09-11,24.36,type1
Thiery,2024-09-12,23.49,type1
Thiery,2024-09-13,40.89,type1
Thiery,2024-09-14,19.14,type1
Thiery,2024-09-15,15.66,type1
Thiery,2024-09-16,31.32,type1
Thiery,2024-09-17,57.42,type1
Thiery,2024-09-18,13.05,type1
Thiery,2024-09-19,29.58,type1
Thiery,2024-09-20,12.18,type1
Thiery,2024-09-21,66.12,type1
Thiery,2024-09-22,26.1,type1
Thiery,2024-09-23,26.1,type1
Thiery,2024-09-24,18.27,type1
Thiery,2024-09-25,6.09,type1
Thiery,2024-09-26,22.62,type1
Thiery,2024-09-27,15.66,type1
Thiery,2024-09-28,26.97,type1
Thiery,2024-09-29,10.44,type1
Thiery,2024-09-30,23.49,type1
Tifany,2024-09-01,48.72,type1
Tifany,2024-09-02,23.49,type1
Tifany,2024-09-03,16.53,type1
Tifany,2024-09-04,25.23,type1
Tifany,2024-09-05,29.58,type1
Tifany,2024-09-06,23.49,type1
Tifany,2024-09-07,41.76,type1
Tifany,2024-09-08,0.0,type1
Tifany,2024-09-09,23.49,type1
Tifany,2024-09-10,6.96,type1
Tifany,2024-09-11,15.66,type1
Tifany,2024-09-12,29.58,type1
Tifany,2024-09-13,27.84,type1
Tifany,2024-09-14,83.52,type1
Tifany,2024-09-15,6.09,type1
Tifany,2024-09-16,18.27,type1
Tifany,2024-09-17,30.45,type1
Tifany,2024-09-18,12.18,type1
Tifany,2024-09-19,20.88,type1
Tifany,2024-09-20,44.37,type1
Tifany,2024-09-21,20.01,type1
Tifany,2024-09-22,60.9,type1
Tifany,2024-09-23,25.23,type1
Tifany,2024-09-24,60.03,type1
Tifany,2024-09-25,24.36,type1
Tifany,2024-09-26,16.53,type1
Tifany,2024-09-27,3.48,type1
Tifany,2024-09-28,0.87,type1
Tifany,2024-09-29,17.4,type1
Tifany,2024-09-30,47.85,type1
Timothy,2024-09-01,15.66,type1
Timothy,2024-09-02,13.92,type1
Timothy,2024-09-03,29.58,type1
Timothy,2024-09-04,20.01,type1
Timothy,2024-09-05,19.14,type1
Timothy,2024-09-06,21.75,type1
Timothy,2024-09-07,52.2,type1
Timothy,2024-09-08,13.05,type1
Timothy,2024-09-09,8.7,type1
Timothy,2024-09-10,41.76,type1
Timothy,2024-09-11,18.27,type1
Timothy,2024-09-12,21.75,type1
Timothy,2024-09-13,19.14,type1
Timothy,2024-09-14,25.23,type1
Timothy,2024-09-15,26.97,type1
Timothy,2024-09-16,20.88,type1
Timothy,2024-09-17,17.4,type1
Timothy,2024-09-18,14.79,type1
Timothy,2024-09-19,27.84,type1
Timothy,2024-09-20,26.1,type1
Timothy,2024-09-21,23.49,type1
Timothy,2024-09-22,34.8,type1
Timothy,2024-09-23,6.96,type1
Timothy,2024-09-24,9.57,type1
Timothy,2024-09-25,26.1,type1
Timothy,2024-09-26,21.75,type1
Timothy,2024-09-27,6.96,type1
Timothy,2024-09-28,40.89,type1
Timothy,2024-09-29,23.49,type1
Timothy,2024-09-30,22.62,type1
Wyatt,2024-09-01,9.57,type1
Wyatt,2024-09-02,6.96,type1
Wyatt,2024-09-03,58.29,type1
Wyatt,2024-09-04,22.62,type1
Wyatt,2024-09-05,18.27,type1
Wyatt,2024-09-06,54.81,type1
Wyatt,2024-09-07,71.34,type1
Wyatt,2024-09-08,19.14,type1
Wyatt,2024-09-09,20.88,type1
Wyatt,2024-09-10,37.41,type1
Wyatt,2024-09-11,23.49,type1
Wyatt,2024-09-12,20.01,type1
Wyatt,2024-09-13,20.88,type1
Wyatt,2024-09-14,31.32,type1
Wyatt,2024-09-15,31.32,type1
Wyatt,2024-09-16,30.45,type1
Wyatt,2024-09-17,8.7,type1
Wyatt,2024-09-18,19.14,type1
Wyatt,2024-09-19,46.11,type1
Wyatt,2024-09-20,27.84,type1
Wyatt,2024-09-21,33.93,type1
Wyatt,2024-09-22,36.54,type1
Wyatt,2024-09-23,25.23,type1
Wyatt,2024-09-24,49.59,type1
Wyatt,2024-09-25,40.02,type1
Wyatt,2024-09-26,2.61,type1
Wyatt,2024-09-27,23.49,type1
Wyatt,2024-09-28,11.31,type1
Wyatt,2024-09-29,24.36,type1
Wyatt,2024-09-30,9.57,type1
Yao,2024-09-01,34.8,type1
Yao,2024-09-02,26.97,type1
Yao,2024-09-03,47.85,type1
Yao,2024-09-04,2.61,type1
Yao,2024-09-05,22.62,type1
Yao,2024-09-06,33.93,type1
Yao,2024-09-07,10.44,type1
Yao,2024-09-08,82.65,type1
Yao,2024-09-09,9.57,type1
Yao,2024-09-10,0.0,type1
Yao,2024-09-11,32.19,type1
Yao,2024-09-12,8.7,type1
Yao,2024-09-13,23.49,type1
Yao,2024-09-14,26.97,type1
Yao,2024-09-15,20.01,type1
Yao,2024-09-16,15.66,type1
Yao,2024-09-17,20.01,type1
Yao,2024-09-18,18.27,type1
Yao,2024-09-19,27.84,type1
Yao,2024-09-20,29.58,type1
Yao,2024-09-21,61.77,type1
Yao,2024-09-22,67.86,type1
Yao,2024-09-23,20.88,type1
Yao,2024-09-24,3.48,type1
Yao,2024-09-25,49.59,type1
Yao,2024-09-26,12.18,type1
Yao,2024-09-27,26.97,type1
Yao,2024-09-28,55.68,type1
Yao,2024-09-29,17.4,type1
Yao,2024-09-30,17.4,type1
Yassine,2024-09-01,0.0,type1
Yassine,2024-09-02,19.14,type1
Yassine,2024-09-03,5.22,type1
Yassine,2024-09-04,46.11,type1
Yassine,2024-09-05,15.66,type1
Yassine,2024-09-06,26.97,type1
Yassine,2024-09-07,27.84,type1
Yassine,2024-09-08,33.93,type1
Yassine,2024-09-09,24.36,type1
Yassine,2024-09-10,28.71,type1
Yassine,2024-09-11,10.44,type1
Yassine,2024-09-12,17.4,type1
Yassine,2024-09-13,28.71,type1
Yassine,2024-09-14,33.06,type1
Yassine,2024-09-15,10.44,type1
Yassine,2024-09-16,26.1,type1
Yassine,2024-09-17,20.88,type1
Yassine,2024-09-18,5.22,type1
Yassine,2024-09-19,13.05,type1
Yassine,2024-09-20,30.45,type1
Yassine,2024-09-21,18.27,type1
Yassine,2024-09-22,22.62,type1
Yassine,2024-09-23,20.01,type1
Yassine,2024-09-24,28.71,type1
Yassine,2024-09-25,11.31,type1
Yassine,2024-09-26,5.22,type1
Yassine,2024-09-27,20.88,type1
Yassine,2024-09-28,32.19,type1
Yassine,2024-09-29,33.06,type1
Yassine,2024-09-30,32.19,type1
Younes,2024-09-01,9.57,type1
Younes,2024-09-02,26.1,type1
Younes,2024-09-03,38.28,type1
Younes,2024-09-04,37.41,type1
Younes,2024-09-05,19.14,type1
Younes,2024-09-06,10.44,type1
Younes,2024-09-07,33.93,type1
Younes,2024-09-08,29.58,type1
Younes,2024-09-09,6.96,type1
Younes,2024-09-10,50.46,type1
Younes,2024-09-11,15.66,type1
Younes,2024-09-12,19.14,type1
Younes,2024-09-13,35.67,type1
Younes,2024-09-14,25.23,type1
Younes,2024-09-15,8.7,type1
Younes,2024-09-16,15.66,type1
Younes,2024-09-17,11.31,type1
Younes,2024-09-18,15.66,type1
Younes,2024-09-19,27.84,type1
Younes,2024-09-20,8.7,type1
Younes,2024-09-21,33.93,type1
Younes,2024-09-22,41.76,type1
Younes,2024-09-23,53.94,type1
Younes,2024-09-24,21.75,type1
Younes,2024-09-25,60.9,type1
Younes,2024-09-26,35.67,type1
Younes,2024-09-27,19.14,type1
Younes,2024-09-28,21.75,type1
Younes,2024-09-29,27.84,type1
Younes,2024-09-30,20.88,type1
Zakaria,2024-09-01,30.45,type1
Zakaria,2024-09-02,53.07,type1
Zakaria,2024-09-03,30.45,type1
Zakaria,2024-09-04,44.37,type1
Zakaria,2024-09-05,27.84,type1
Zakaria,2024-09-06,33.93,type1
Zakaria,2024-09-07,50.46,type1
Zakaria,2024-09-08,29.58,type1
Zakaria,2024-09-09,53.94,type1
Zakaria,2024-09-10,2.61,type1
Zakaria,2024-09-11,9.57,type1
Zakaria,2024-09-12,30.45,type1
Zakaria,2024-09-13,14.79,type1
Zakaria,2024-09-14,26.1,type1
Zakaria,2024-09-15,37.41,type1
Zakaria,2024-09-16,6.09,type1
Zakaria,2024-09-17,28.71,type1
Zakaria,2024-09-18,16.53,type1
Zakaria,2024-09-19,28.71,type1
Zakaria,2024-09-20,7.83,type1
Zakaria,2024-09-21,17.4,type1
Zakaria,2024-09-22,41.76,type1
Zakaria,2024-09-23,21.75,type1
Zakaria,2024-09-24,39.15,type1
Zakaria,2024-09-25,10.44,type1
Zakaria,2024-09-26,17.4,type1
Zakaria,2024-09-27,13.92,type1
Zakaria,2024-09-28,24.36,type1
Zakaria,2024-09-29,14.79,type1
Zakaria,2024-09-30,26.97,type1
Zakharia,2024-09-01,20.88,type1
Zakharia,2024-09-02,9.57,type1
Zakharia,2024-09-03,3.48,type1
Zakharia,2024-09-04,12.18,type1
Zakharia,2024-09-05,43.5,type1
Zakharia,2024-09-06,30.45,type1
Zakharia,2024-09-07,0.0,type1
Zakharia,2024-09-08,13.92,type1
Zakharia,2024-09-09,14.79,type1
Zakharia,2024-09-10,24.36,type1
Zakharia,2024-09-11,31.32,type1
Zakharia,2024-09-12,38.28,type1
Zakharia,2024-09-13,11.31,type1
Zakharia,2024-09-14,6.96,type1
Zakharia,2024-09-15,43.5,type1
Zakharia,2024-09-16,28.71,type1
Zakharia,2024-09-17,20.88,type1
Zakharia,2024-09-18,60.03,type1
Zakharia,2024-09-19,26.97,type1
Zakharia,2024-09-20,12.18,type1
Zakharia,2024-09-21,12.18,type1
Zakharia,2024-09-22,22.62,type1
Zakharia,2024-09-23,17.4,type1
Zakharia,2024-09-24,17.4,type1
Zakharia,2024-09-25,53.94,type1
Zakharia,2024-09-26,19.14,type1
Zakharia,2024-09-27,9.57,type1
Zakharia,2024-09-28,32.19,type1
Zakharia,2024-09-29,41.76,type1
Zakharia,2024-09-30,28.71,type1
